time,value,anomaly_score,prediction_count
2014-04-01 00:00:00,19.761251902999998,1.0,0.0
2014-04-01 00:05:00,20.500833287,0.0,1.0
2014-04-01 00:10:00,19.9616414445,0.7,0.3
2014-04-01 00:15:00,21.4902660734,0.0,2.275
2014-04-01 00:20:00,20.1877394098,1.0,0.0
2014-04-01 00:25:00,19.9231256718,1.0,2.875
2014-04-01 00:30:00,21.698403961700002,0.9,1.275
2014-04-01 00:35:00,20.8787583842,1.0,0.6
2014-04-01 00:40:00,18.4461996294,1.0,0.0
2014-04-01 00:45:00,18.7108178448,1.0,0.0
2014-04-01 00:50:00,21.148491451800002,1.0,0.0
2014-04-01 00:55:00,21.3434052847,0.0,1.0
2014-04-01 01:00:00,20.1807633164,1.0,0.0
2014-04-01 01:05:00,20.217820911500002,1.0,0.0
2014-04-01 01:10:00,20.527731851400002,1.0,0.0
2014-04-01 01:15:00,19.7564630971,1.0,0.0
2014-04-01 01:20:00,20.7207964939,1.0,0.0
2014-04-01 01:25:00,18.4339250303,1.0,0.0
2014-04-01 01:30:00,21.845116969499998,1.0,0.0
2014-04-01 01:35:00,21.0006192952,1.0,0.0
2014-04-01 01:40:00,20.524696816,1.0,0.0
2014-04-01 01:45:00,19.265288228,1.0,0.0
2014-04-01 01:50:00,18.6438219498,1.0,0.0
2014-04-01 01:55:00,19.6373718553,1.0,0.0
2014-04-01 02:00:00,20.6463069623,1.0,0.0
2014-04-01 02:05:00,20.534838973699998,1.0,0.0
2014-04-01 02:10:00,19.530564620299998,1.0,0.0
2014-04-01 02:15:00,20.4531455753,1.0,0.0
2014-04-01 02:20:00,21.2549931823,1.0,0.0
2014-04-01 02:25:00,18.1051390894,1.0,0.0
2014-04-01 02:30:00,19.8024841917,1.0,0.0
2014-04-01 02:35:00,21.0342209139,1.0,0.0
2014-04-01 02:40:00,20.1845778819,1.0,0.0
2014-04-01 02:45:00,20.6059043517,1.0,0.0
2014-04-01 02:50:00,20.0667055704,1.0,0.0
2014-04-01 02:55:00,21.967498178699998,1.0,0.0
2014-04-01 03:00:00,18.218486146,1.0,0.0
2014-04-01 03:05:00,19.964179287100002,1.0,0.0
2014-04-01 03:10:00,18.3656661965,1.0,0.0
2014-04-01 03:15:00,18.6391422485,1.0,0.0
2014-04-01 03:20:00,19.5321534017,1.0,0.0
2014-04-01 03:25:00,18.622160366,1.0,0.0
2014-04-01 03:30:00,21.854748663800002,1.0,0.0
2014-04-01 03:35:00,21.7871591069,1.0,0.0
2014-04-01 03:40:00,19.3444385849,1.0,0.0
2014-04-01 03:45:00,20.5589908482,1.0,0.0
2014-04-01 03:50:00,20.1350132824,1.0,0.0
2014-04-01 03:55:00,21.262347922100002,1.0,0.0
2014-04-01 04:00:00,20.5097824393,1.0,0.0
2014-04-01 04:05:00,18.001009818,1.0,0.0
2014-04-01 04:10:00,21.0526975424,1.0,0.0
2014-04-01 04:15:00,20.9873924852,1.0,0.0
2014-04-01 04:20:00,20.0388908223,1.0,0.0
2014-04-01 04:25:00,21.6116758929,1.0,0.0
2014-04-01 04:30:00,21.633784822800003,1.0,0.0
2014-04-01 04:35:00,20.0956467068,1.0,0.0
2014-04-01 04:40:00,20.4319529248,1.0,0.0
2014-04-01 04:45:00,21.9860882877,1.0,0.0
2014-04-01 04:50:00,19.1952809392,1.0,0.0
2014-04-01 04:55:00,19.2984689692,1.0,0.0
2014-04-01 05:00:00,18.7310956107,1.0,0.0
2014-04-01 05:05:00,21.583467756599998,1.0,0.0
2014-04-01 05:10:00,20.9779535598,0.0,1.0
2014-04-01 05:15:00,18.4225713955,0.625,0.375
2014-04-01 05:20:00,21.9270694048,0.0,2.375
2014-04-01 05:25:00,20.9238468326,0.975,1.375
2014-04-01 05:30:00,21.4020884384,1.0,0.2
2014-04-01 05:35:00,18.192603156700002,0.0,3.7
2014-04-01 05:40:00,20.0198436758,0.825,1.5
2014-04-01 05:45:00,20.7943931469,1.0,1.2
2014-04-01 05:50:00,20.1717863383,1.0,0.05
2014-04-01 05:55:00,20.6665898628,0.0,5.125
2014-04-01 06:00:00,21.2714962544,0.85,1.625
2014-04-01 06:05:00,19.497348251800002,1.0,1.45
2014-04-01 06:10:00,21.3946747025,1.0,1.05
2014-04-01 06:15:00,18.6516644191,1.0,0.075
2014-04-01 06:20:00,19.0835442201,0.0,6.55
2014-04-01 06:25:00,18.1733824797,0.75,1.675
2014-04-01 06:30:00,19.4577072453,1.0,1.6
2014-04-01 06:35:00,19.5196381793,1.0,1.225
2014-04-01 06:40:00,21.221082388800003,1.0,1.05
2014-04-01 06:45:00,20.612522681199998,1.0,0.05
2014-04-01 06:50:00,19.7468902326,0.0,7.825
2014-04-01 06:55:00,20.608455914500002,0.925,1.725
2014-04-01 07:00:00,18.2111334021,1.0,1.625
2014-04-01 07:05:00,18.7210861441,1.0,1.3
2014-04-01 07:10:00,20.507791421,1.0,1.125
2014-04-01 07:15:00,20.5654672769,1.0,1.05
2014-04-01 07:20:00,21.0965386348,1.0,0.0
2014-04-01 07:25:00,19.6119990362,0.0,8.875
2014-04-01 07:30:00,20.8902163865,0.925,1.725
2014-04-01 07:35:00,20.7359213302,1.0,1.65
2014-04-01 07:40:00,21.8535735135,1.0,1.3
2014-04-01 07:45:00,18.8605209057,1.0,1.125
2014-04-01 07:50:00,20.206718255,1.0,1.075
2014-04-01 07:55:00,20.407057768399998,1.0,1.0
2014-04-01 08:00:00,21.994591539699996,1.0,0.0
2014-04-01 08:05:00,18.804736568699997,0.0,9.975
2014-04-01 08:10:00,20.0928720799,0.925,1.75
2014-04-01 08:15:00,19.384741230899998,1.0,1.65
2014-04-01 08:20:00,20.103571874300002,1.0,1.3
2014-04-01 08:25:00,18.928514408399998,1.0,1.125
2014-04-01 08:30:00,18.1904495137,1.0,1.1
2014-04-01 08:35:00,20.2902618156,1.0,1.05
2014-04-01 08:40:00,19.3434172634,1.0,1.0
2014-04-01 08:45:00,18.727765607000002,1.0,0.0
2014-04-01 08:50:00,19.2957422643,0.025000000000000022,11.25
2014-04-01 08:55:00,18.1971208058,0.8,1.75
2014-04-01 09:00:00,74.1260143836,1.0,0.0
2014-04-01 09:05:00,69.10361164359999,1.0,0.0
2014-04-01 09:10:00,72.2808540663,0.0,2.0
2014-04-01 09:15:00,66.9544074866,0.95,1.0
2014-04-01 09:20:00,73.4850794789,1.0,0.35
2014-04-01 09:25:00,67.7731278131,1.0,1.325
2014-04-01 09:30:00,69.0056563819,1.0,1.15
2014-04-01 09:35:00,67.88839812890001,1.0,0.325
2014-04-01 09:40:00,71.1725848238,0.0,3.35
2014-04-01 09:45:00,68.9065226554,0.875,0.375
2014-04-01 09:50:00,64.8937453607,0.19999999999999996,2.3
2014-04-01 09:55:00,63.179337626000006,1.0,0.0
2014-04-01 10:00:00,79.2470505155,1.0,0.0
2014-04-01 10:05:00,77.4320730032,0.0,2.15
2014-04-01 10:10:00,71.3295428127,1.0,1.175
2014-04-01 10:15:00,75.9799830691,1.0,0.0
2014-04-01 10:20:00,77.8293300694,0.0,3.475
2014-04-01 10:25:00,82.67338298899999,1.0,0.0
2014-04-01 10:30:00,71.0210883865,1.0,6.15
2014-04-01 10:35:00,75.2486478048,0.9,1.15
2014-04-01 10:40:00,82.6076230245,1.0,1.0
2014-04-01 10:45:00,79.90353942109999,1.0,0.0
2014-04-01 10:50:00,74.3401531544,0.0,6.925
2014-04-01 10:55:00,82.9596010938,1.0,0.0
2014-04-01 11:00:00,79.41334110529999,0.0,6.525
2014-04-01 11:05:00,79.4937884794,0.975,0.275
2014-04-01 11:10:00,87.0996450426,1.0,1.0
2014-04-01 11:15:00,86.6309408675,0.42500000000000004,0.575
2014-04-01 11:20:00,77.2701037963,1.0,8.475
2014-04-01 11:25:00,73.8037704623,0.975,0.4
2014-04-01 11:30:00,76.7474037102,0.25,4.525
2014-04-01 11:35:00,72.052805772,1.0,0.45
2014-04-01 11:40:00,71.8982924702,0.0,10.075
2014-04-01 11:45:00,77.8583840549,1.0,0.0
2014-04-01 11:50:00,86.5339792602,1.0,1.575
2014-04-01 11:55:00,85.426067155,1.0,0.0
2014-04-01 12:00:00,80.08686564029999,0.0,8.95
2014-04-01 12:05:00,80.9463697522,1.0,0.0
2014-04-01 12:10:00,72.0084220248,1.0,8.675
2014-04-01 12:15:00,75.3574808711,1.0,0.0
2014-04-01 12:20:00,72.3095103677,0.0,11.0
2014-04-01 12:25:00,83.9717453641,1.0,0.0
2014-04-01 12:30:00,74.2411363371,1.0,11.575
2014-04-01 12:35:00,85.8016679353,1.0,1.0
2014-04-01 12:40:00,82.194437192,1.0,0.0
2014-04-01 12:45:00,75.5798939857,0.0,11.4
2014-04-01 12:50:00,74.4340968432,1.0,1.0
2014-04-01 12:55:00,81.94354482050001,1.0,1.55
2014-04-01 13:00:00,86.3926524705,1.0,0.0
2014-04-01 13:05:00,83.47372499939999,0.0,13.425
2014-04-01 13:10:00,77.5581280065,0.95,1.0
2014-04-01 13:15:00,81.3786019713,0.30000000000000004,4.65
2014-04-01 13:20:00,76.953713801,1.0,0.075
2014-04-01 13:25:00,87.9652763341,1.0,6.875
2014-04-01 13:30:00,83.9612714729,0.925,1.0
2014-04-01 13:35:00,81.81046701060001,1.0,0.075
2014-04-01 13:40:00,78.7532409691,0.0,15.325
2014-04-01 13:45:00,81.8707829394,0.95,1.7
2014-04-01 13:50:00,77.4472651938,1.0,0.1
2014-04-01 13:55:00,72.4444465903,0.0,10.175
2014-04-01 14:00:00,78.31765692970001,1.0,0.0
2014-04-01 14:05:00,86.883522504,1.0,6.85
2014-04-01 14:10:00,82.0168805171,0.975,0.225
2014-04-01 14:15:00,73.3397707712,1.0,8.2
2014-04-01 14:20:00,86.15576213920002,1.0,0.0
2014-04-01 14:25:00,76.2983350936,1.0,9.45
2014-04-01 14:30:00,75.89666867439999,1.0,0.0
2014-04-01 14:35:00,76.7497713346,0.0,13.025
2014-04-01 14:40:00,81.2313364867,1.0,0.0
2014-04-01 14:45:00,80.7111351745,0.0,15.475
2014-04-01 14:50:00,79.8587866682,1.0,0.0
2014-04-01 14:55:00,83.4765827479,1.0,0.0
2014-04-01 15:00:00,77.06386388119998,1.0,0.0
2014-04-01 15:05:00,84.51222102,1.0,0.0
2014-04-01 15:10:00,74.8044287246,1.0,0.0
2014-04-01 15:15:00,84.5211212147,1.0,0.0
2014-04-01 15:20:00,82.6201685228,1.0,0.0
2014-04-01 15:25:00,82.930536812,1.0,0.0
2014-04-01 15:30:00,79.7040891874,1.0,0.0
2014-04-01 15:35:00,82.6712308715,1.0,0.0
2014-04-01 15:40:00,73.2760492881,1.0,0.0
2014-04-01 15:45:00,85.6239958745,1.0,0.0
2014-04-01 15:50:00,72.8880560037,1.0,0.0
2014-04-01 15:55:00,74.3791501112,1.0,0.0
2014-04-01 16:00:00,81.228479377,1.0,0.0
2014-04-01 16:05:00,83.83042233260001,1.0,0.0
2014-04-01 16:10:00,73.2198844471,1.0,0.0
2014-04-01 16:15:00,86.73207050010002,1.0,0.0
2014-04-01 16:20:00,87.5775542316,1.0,0.0
2014-04-01 16:25:00,81.69504591329998,1.0,0.0
2014-04-01 16:30:00,79.6997422622,1.0,0.0
2014-04-01 16:35:00,83.8621585408,1.0,0.0
2014-04-01 16:40:00,77.2535693101,1.0,0.0
2014-04-01 16:45:00,79.8920775526,1.0,0.0
2014-04-01 16:50:00,86.6582500449,1.0,0.0
2014-04-01 16:55:00,87.29031920610001,1.0,0.0
2014-04-01 17:00:00,86.8330725129,1.0,0.0
2014-04-01 17:05:00,76.19913981090001,1.0,0.0
2014-04-01 17:10:00,75.7194755672,1.0,0.0
2014-04-01 17:15:00,76.762602618,1.0,0.0
2014-04-01 17:20:00,79.0609474388,1.0,0.0
2014-04-01 17:25:00,77.02664902640001,1.0,0.0
2014-04-01 17:30:00,77.98737478470001,1.0,0.0
2014-04-01 17:35:00,81.93015977270001,1.0,0.0
2014-04-01 17:40:00,84.20037850050001,1.0,0.0
2014-04-01 17:45:00,83.768899005,1.0,0.0
2014-04-01 17:50:00,85.0307444214,1.0,0.0
2014-04-01 17:55:00,72.5149226057,1.0,0.0
2014-04-01 18:00:00,29.105490665700003,1.0,0.0
2014-04-01 18:05:00,33.8520444488,1.0,0.0
2014-04-01 18:10:00,32.211698278200004,1.0,0.0
2014-04-01 18:15:00,32.5000940721,1.0,0.0
2014-04-01 18:20:00,29.1365503112,1.0,0.0
2014-04-01 18:25:00,30.4340024842,1.0,0.0
2014-04-01 18:30:00,32.8854612373,1.0,0.0
2014-04-01 18:35:00,34.2987575113,0.0,1.0
2014-04-01 18:40:00,34.6686870856,0.675,0.325
2014-04-01 18:45:00,32.0026786288,0.0,3.3
2014-04-01 18:50:00,32.2910288896,0.95,1.0
2014-04-01 18:55:00,34.131511085599996,1.0,1.3
2014-04-01 19:00:00,22.568556973299998,1.0,0.0
2014-04-01 19:05:00,22.4755249615,0.025000000000000022,0.975
2014-04-01 19:10:00,24.2147751608,0.725,0.275
2014-04-01 19:15:00,23.698897290300003,0.025000000000000022,2.1
2014-04-01 19:20:00,24.232643588800002,0.75,1.125
2014-04-01 19:25:00,21.1377456459,1.0,0.0
2014-04-01 19:30:00,22.5092009454,0.025000000000000022,3.35
2014-04-01 19:35:00,23.9342738231,0.75,1.4
2014-04-01 19:40:00,20.6579411338,1.0,0.975
2014-04-01 19:45:00,23.72008515,1.0,0.0
2014-04-01 19:50:00,20.9797196068,0.050000000000000044,4.525
2014-04-01 19:55:00,23.7803707178,0.775,1.55
2014-04-01 20:00:00,20.938755589,1.0,1.05
2014-04-01 20:05:00,19.2234943904,1.0,0.95
2014-04-01 20:10:00,20.3708584741,1.0,0.0
2014-04-01 20:15:00,21.2250833071,0.050000000000000044,5.8
2014-04-01 20:20:00,21.0282612297,0.775,1.55
2014-04-01 20:25:00,20.1820042736,1.0,1.35
2014-04-01 20:30:00,22.1158050371,1.0,0.975
2014-04-01 20:35:00,20.558902699,1.0,0.95
2014-04-01 20:40:00,20.5040322087,1.0,0.025
2014-04-01 20:45:00,18.6869781922,0.050000000000000044,7.2
2014-04-01 20:50:00,22.2090048501,0.825,1.65
2014-04-01 20:55:00,19.1574692354,1.0,1.45
2014-04-01 21:00:00,20.2099229424,1.0,1.1
2014-04-01 21:05:00,21.3160988514,1.0,1.05
2014-04-01 21:10:00,18.9523497644,1.0,0.975
2014-04-01 21:15:00,20.2060186776,1.0,0.0
2014-04-01 21:20:00,19.0537607405,0.07499999999999996,7.4
2014-04-01 21:25:00,21.1397660835,0.975,1.675
2014-04-01 21:30:00,20.3545999721,1.0,1.5
2014-04-01 21:35:00,21.526738125399998,1.0,1.2
2014-04-01 21:40:00,21.6818074721,1.0,1.125
2014-04-01 21:45:00,20.693789562,1.0,1.125
2014-04-01 21:50:00,21.0018924452,1.0,0.925
2014-04-01 21:55:00,20.2938253758,1.0,0.0
2014-04-01 22:00:00,19.556471129000002,0.09999999999999998,8.925
2014-04-01 22:05:00,20.6122404548,0.825,0.875
2014-04-01 22:10:00,21.6539223116,0.09999999999999998,9.475
2014-04-01 22:15:00,19.6856015647,0.875,1.125
2014-04-01 22:20:00,19.2761274305,1.0,0.0
2014-04-01 22:25:00,19.5725193424,0.125,10.3
2014-04-01 22:30:00,19.760542437999998,0.95,1.175
2014-04-01 22:35:00,18.3118065813,1.0,0.875
2014-04-01 22:40:00,20.0129613686,1.0,0.0
2014-04-01 22:45:00,19.9964351491,0.125,11.5
2014-04-01 22:50:00,20.3733149249,0.975,1.225
2014-04-01 22:55:00,19.4699533412,1.0,0.875
2014-04-01 23:00:00,20.4563572484,1.0,0.875
2014-04-01 23:05:00,21.516995709099998,1.0,0.0
2014-04-01 23:10:00,21.8260737616,0.125,12.575
2014-04-01 23:15:00,20.338353076700002,0.975,1.3
2014-04-01 23:20:00,18.173852523900003,1.0,0.975
2014-04-01 23:25:00,21.8811443602,1.0,0.9
2014-04-01 23:30:00,20.8274463436,1.0,0.875
2014-04-01 23:35:00,19.3475686124,1.0,0.0
2014-04-01 23:40:00,18.5921998191,0.15000000000000002,18.15
2014-04-01 23:45:00,18.5772405926,1.0,0.0
2014-04-01 23:50:00,18.6745624504,0.15000000000000002,18.975
2014-04-01 23:55:00,18.185781084400002,1.0,0.85
2014-04-02 00:00:00,21.6086167546,1.0,0.0
2014-04-02 00:05:00,20.1630729313,0.15000000000000002,16.325
2014-04-02 00:10:00,20.7998376509,1.0,1.4
2014-04-02 00:15:00,21.3124340371,1.0,0.85
2014-04-02 00:20:00,21.1661640253,1.0,0.025
2014-04-02 00:25:00,21.530422494899998,0.15000000000000002,22.0
2014-04-02 00:30:00,21.869018490100004,0.975,1.7
2014-04-02 00:35:00,19.756282459,1.0,1.025
2014-04-02 00:40:00,21.8013418667,1.0,0.85
2014-04-02 00:45:00,20.8931597934,1.0,0.0
2014-04-02 00:50:00,18.2826727612,0.19999999999999996,24.1
2014-04-02 00:55:00,20.7271324848,1.0,0.525
2014-04-02 01:00:00,20.7468666384,0.275,20.85
2014-04-02 01:05:00,21.6234422552,1.0,0.0
2014-04-02 01:10:00,19.4917285299,0.35,24.3
2014-04-02 01:15:00,20.3396460011,1.0,1.05
2014-04-02 01:20:00,18.048750204,1.0,0.075
2014-04-02 01:25:00,19.3283009687,0.4,25.525
2014-04-02 01:30:00,18.2489749046,1.0,0.0
2014-04-02 01:35:00,20.087491891099997,0.42500000000000004,20.95
2014-04-02 01:40:00,21.269790602,1.0,0.0
2014-04-02 01:45:00,18.8257707685,0.375,17.25
2014-04-02 01:50:00,20.1097641822,0.975,1.8
2014-04-02 01:55:00,18.816034545999997,1.0,0.125
2014-04-02 02:00:00,18.4827538714,0.375,19.975
2014-04-02 02:05:00,20.0439871677,0.975,1.275
2014-04-02 02:10:00,18.3165944838,1.0,0.0
2014-04-02 02:15:00,20.3494185246,1.0,6.775
2014-04-02 02:20:00,18.1253498427,1.0,0.0
2014-04-02 02:25:00,18.4268598875,0.32499999999999996,1.325
2014-04-02 02:30:00,20.1999899419,1.0,0.0
2014-04-02 02:35:00,20.365629651600003,1.0,0.0
2014-04-02 02:40:00,18.1159477204,1.0,1.9
2014-04-02 02:45:00,20.293507152,1.0,0.0
2014-04-02 02:50:00,21.354010101300002,1.0,0.0
2014-04-02 02:55:00,20.8892647092,1.0,0.0
2014-04-02 03:00:00,18.5247404157,1.0,0.0
2014-04-02 03:05:00,20.3698985903,1.0,0.0
2014-04-02 03:10:00,20.6890100003,1.0,8.875
2014-04-02 03:15:00,18.148924807,1.0,0.0
2014-04-02 03:20:00,21.4213906747,1.0,0.0
2014-04-02 03:25:00,21.625069589200002,1.0,0.0
2014-04-02 03:30:00,21.4018090934,1.0,0.0
2014-04-02 03:35:00,21.298525872,1.0,7.825
2014-04-02 03:40:00,20.9798607938,1.0,0.0
2014-04-02 03:45:00,20.5337281251,1.0,0.0
2014-04-02 03:50:00,20.71450802,1.0,0.0
2014-04-02 03:55:00,21.2255811733,1.0,0.0
2014-04-02 04:00:00,20.6499938334,1.0,0.0
2014-04-02 04:05:00,19.3109078267,1.0,0.0
2014-04-02 04:10:00,19.5038444086,1.0,0.0
2014-04-02 04:15:00,21.588229873499998,1.0,0.0
2014-04-02 04:20:00,18.0684883432,1.0,0.0
2014-04-02 04:25:00,20.795282325,1.0,0.0
2014-04-02 04:30:00,21.819110209699996,1.0,0.0
2014-04-02 04:35:00,20.8249126798,1.0,0.0
2014-04-02 04:40:00,21.9756479529,1.0,0.0
2014-04-02 04:45:00,20.7501796221,1.0,0.0
2014-04-02 04:50:00,18.1374521169,1.0,0.0
2014-04-02 04:55:00,21.308039526600002,1.0,0.0
2014-04-02 05:00:00,19.1385196478,1.0,0.0
2014-04-02 05:05:00,19.7842289027,1.0,0.0
2014-04-02 05:10:00,19.2483676636,1.0,0.0
2014-04-02 05:15:00,19.0742164248,1.0,7.925
2014-04-02 05:20:00,19.7256228147,1.0,1.125
2014-04-02 05:25:00,19.5150057938,1.0,1.125
2014-04-02 05:30:00,20.5333543274,1.0,0.0
2014-04-02 05:35:00,21.252604804,1.0,0.0
2014-04-02 05:40:00,19.1883546127,1.0,0.0
2014-04-02 05:45:00,18.8548846113,1.0,18.15
2014-04-02 05:50:00,20.6675810835,0.95,1.675
2014-04-02 05:55:00,20.6812802633,0.35,11.925
2014-04-02 06:00:00,21.6045249571,1.0,0.0
2014-04-02 06:05:00,18.063782745799998,1.0,0.0
2014-04-02 06:10:00,21.4121626485,1.0,24.55
2014-04-02 06:15:00,20.0840086918,0.925,2.125
2014-04-02 06:20:00,20.4852083567,0.875,1.95
2014-04-02 06:25:00,18.3654857622,0.30000000000000004,9.35
2014-04-02 06:30:00,19.7304597315,1.0,1.65
2014-04-02 06:35:00,18.909209629,1.0,1.325
2014-04-02 06:40:00,19.0169001203,1.0,2.15
2014-04-02 06:45:00,20.0163804587,1.0,1.425
2014-04-02 06:50:00,21.2498238016,1.0,0.0
2014-04-02 06:55:00,20.9751237206,1.0,27.875
2014-04-02 07:00:00,20.3639998363,0.9,3.275
2014-04-02 07:05:00,20.157672770999998,1.0,1.8
2014-04-02 07:10:00,19.7092241729,1.0,1.425
2014-04-02 07:15:00,21.8908398942,1.0,1.675
2014-04-02 07:20:00,20.2407702169,1.0,1.95
2014-04-02 07:25:00,19.0158655932,1.0,2.125
2014-04-02 07:30:00,18.920363168199998,1.0,1.1
2014-04-02 07:35:00,20.4454121231,1.0,0.975
2014-04-02 07:40:00,20.091310109200002,1.0,0.0
2014-04-02 07:45:00,18.0307912118,0.475,22.425
2014-04-02 07:50:00,21.3202614888,0.875,3.3
2014-04-02 07:55:00,20.8164894169,1.0,1.925
2014-04-02 08:00:00,20.647317158699998,1.0,2.15
2014-04-02 08:05:00,18.2751226308,1.0,1.425
2014-04-02 08:10:00,19.448223400699998,1.0,2.725
2014-04-02 08:15:00,21.741529042899998,1.0,2.225
2014-04-02 08:20:00,21.4503569654,1.0,1.25
2014-04-02 08:25:00,19.1421717515,1.0,1.075
2014-04-02 08:30:00,18.628235536400002,1.0,0.525
2014-04-02 08:35:00,19.796351828699997,0.6,27.95
2014-04-02 08:40:00,19.4233215147,0.9,1.675
2014-04-02 08:45:00,20.7289055068,0.5,24.475
2014-04-02 08:50:00,21.8657392403,1.0,0.0
2014-04-02 08:55:00,19.4520057999,0.625,33.125
2014-04-02 09:00:00,62.046248748100005,1.0,0.0
2014-04-02 09:05:00,73.4075505135,1.0,10.0
2014-04-02 09:10:00,61.7161163313,1.0,0.0
2014-04-02 09:15:00,74.1576162013,1.0,14.1
2014-04-02 09:20:00,70.2382802209,1.0,1.0
2014-04-02 09:25:00,74.0069732348,1.0,2.725
2014-04-02 09:30:00,63.91537173840001,1.0,0.0
2014-04-02 09:35:00,61.753517215500004,0.025000000000000022,4.175
2014-04-02 09:40:00,67.8396557046,1.0,0.0
2014-04-02 09:45:00,67.3284784382,0.07499999999999996,8.15
2014-04-02 09:50:00,65.7082949163,1.0,0.025
2014-04-02 09:55:00,74.2241280517,1.0,20.175
2014-04-02 10:00:00,82.6064995231,1.0,1.0
2014-04-02 10:05:00,80.1077529717,1.0,1.0
2014-04-02 10:10:00,72.3675606862,1.0,0.025
2014-04-02 10:15:00,81.2366992956,1.0,22.0
2014-04-02 10:20:00,81.1232332969,0.95,1.875
2014-04-02 10:25:00,76.4370580545,1.0,1.325
2014-04-02 10:30:00,84.1926773188,1.0,0.0
2014-04-02 10:35:00,72.4314967322,1.0,19.575
2014-04-02 10:40:00,73.9890789686,0.975,0.275
2014-04-02 10:45:00,70.8212417452,0.17500000000000004,11.225
2014-04-02 10:50:00,82.1853988709,1.0,1.0
2014-04-02 10:55:00,79.4897056722,1.0,1.05
2014-04-02 11:00:00,76.5768106216,1.0,0.025
2014-04-02 11:05:00,74.1732925058,0.35,23.825
2014-04-02 11:10:00,72.2065101345,1.0,1.975
2014-04-02 11:15:00,74.2199215234,1.0,0.1
2014-04-02 11:20:00,78.77703901539998,0.4,29.675
2014-04-02 11:25:00,75.4991025151,0.825,2.025
2014-04-02 11:30:00,75.6868525499,1.0,0.0
2014-04-02 11:35:00,85.4931665355,1.0,17.625
2014-04-02 11:40:00,79.7607495587,1.0,1.95
2014-04-02 11:45:00,83.16602338060001,1.0,1.575
2014-04-02 11:50:00,72.1359469333,1.0,0.125
2014-04-02 11:55:00,77.3755580087,0.44999999999999996,29.8
2014-04-02 12:00:00,79.5711095069,1.0,2.55
2014-04-02 12:05:00,74.89269047970001,1.0,0.05
2014-04-02 12:10:00,73.83435698550001,0.44999999999999996,28.525
2014-04-02 12:15:00,85.82175062350001,1.0,1.65
2014-04-02 12:20:00,86.92646894639999,1.0,2.0
2014-04-02 12:25:00,73.1729940801,1.0,0.675
2014-04-02 12:30:00,77.4911982414,0.7,17.75
2014-04-02 12:35:00,87.22777096629999,1.0,0.0
2014-04-02 12:40:00,73.24259102479999,1.0,25.8
2014-04-02 12:45:00,82.1995040517,1.0,1.8
2014-04-02 12:50:00,87.4504752851,1.0,0.2
2014-04-02 12:55:00,87.5463968029,0.275,14.85
2014-04-02 13:00:00,79.5204837969,0.975,1.25
2014-04-02 13:05:00,74.5860807679,1.0,0.55
2014-04-02 13:10:00,75.2152930359,0.55,30.15
2014-04-02 13:15:00,86.2129262526,1.0,0.9
2014-04-02 13:20:00,86.56614720649998,1.0,2.925
2014-04-02 13:25:00,81.7064600441,1.0,1.0
2014-04-02 13:30:00,84.2386002741,1.0,5.975
2014-04-02 13:35:00,83.8187786875,1.0,1.025
2014-04-02 13:40:00,82.5693241729,1.0,0.0
2014-04-02 13:45:00,85.21597453439999,0.35,23.05
2014-04-02 13:50:00,82.9465940072,1.0,2.05
2014-04-02 13:55:00,80.5247063231,1.0,1.85
2014-04-02 14:00:00,75.7876638189,1.0,0.675
2014-04-02 14:05:00,83.8981829998,1.0,16.2
2014-04-02 14:10:00,79.5711862851,1.0,0.375
2014-04-02 14:15:00,76.7129845441,0.5,26.55
2014-04-02 14:20:00,84.8270685171,1.0,0.0
2014-04-02 14:25:00,83.1434265296,0.4,29.1
2014-04-02 14:30:00,86.9932571332,1.0,0.175
2014-04-02 14:35:00,74.6434831811,1.0,27.15
2014-04-02 14:40:00,82.3830739768,1.0,0.2
2014-04-02 14:45:00,75.90418791350001,1.0,30.1
2014-04-02 14:50:00,86.4531778131,1.0,0.0
2014-04-02 14:55:00,73.5884582126,1.0,15.325
2014-04-02 15:00:00,82.4977969167,1.0,0.0
2014-04-02 15:05:00,84.6565588337,0.30000000000000004,17.475
2014-04-02 15:10:00,77.6779397305,1.0,0.325
2014-04-02 15:15:00,87.2653715145,1.0,3.05
2014-04-02 15:20:00,85.61086908109999,1.0,0.0
2014-04-02 15:25:00,76.7131563416,1.0,21.0
2014-04-02 15:30:00,72.11996512510001,1.0,0.0
2014-04-02 15:35:00,76.74577805130002,1.0,21.475
2014-04-02 15:40:00,76.5002331182,1.0,0.0
2014-04-02 15:45:00,86.2386058215,1.0,15.425
2014-04-02 15:50:00,87.4730991023,1.0,0.0
2014-04-02 15:55:00,73.1263377559,1.0,0.15
2014-04-02 16:00:00,79.5405645384,1.0,7.4
2014-04-02 16:05:00,80.7731568917,1.0,0.0
2014-04-02 16:10:00,73.486445487,1.0,0.55
2014-04-02 16:15:00,78.0398135095,1.0,4.575
2014-04-02 16:20:00,77.0731706975,1.0,0.0
2014-04-02 16:25:00,80.5767469616,1.0,0.0
2014-04-02 16:30:00,82.5788958439,1.0,2.675
2014-04-02 16:35:00,83.25560191689999,1.0,0.0
2014-04-02 16:40:00,74.1879379367,1.0,0.0
2014-04-02 16:45:00,85.0070000174,1.0,0.0
2014-04-02 16:50:00,82.85651339180001,1.0,0.0
2014-04-02 16:55:00,86.2250331156,1.0,6.975
2014-04-02 17:00:00,79.1893465422,1.0,0.0
2014-04-02 17:05:00,86.3022030635,1.0,0.0
2014-04-02 17:10:00,85.8523529904,1.0,7.7
2014-04-02 17:15:00,79.0145189762,1.0,0.0
2014-04-02 17:20:00,78.0982630549,1.0,0.0
2014-04-02 17:25:00,86.92495886030001,1.0,0.0
2014-04-02 17:30:00,83.44260371060001,1.0,0.0
2014-04-02 17:35:00,86.8518921919,1.0,0.0
2014-04-02 17:40:00,84.75156391770001,1.0,0.0
2014-04-02 17:45:00,81.7487276371,1.0,0.0
2014-04-02 17:50:00,73.8536160723,1.0,0.0
2014-04-02 17:55:00,76.6636613224,1.0,0.0
2014-04-02 18:00:00,35.000584685300005,1.0,0.0
2014-04-02 18:05:00,30.844295509699997,1.0,0.0
2014-04-02 18:10:00,29.396825522399997,1.0,0.0
2014-04-02 18:15:00,33.3283350788,1.0,0.0
2014-04-02 18:20:00,33.4976207975,1.0,0.0
2014-04-02 18:25:00,30.626923529499997,1.0,0.0
2014-04-02 18:30:00,30.7050947724,1.0,0.0
2014-04-02 18:35:00,31.80090900150001,1.0,0.0
2014-04-02 18:40:00,28.939443722100002,1.0,0.0
2014-04-02 18:45:00,33.851660766799995,1.0,0.0
2014-04-02 18:50:00,30.8293623193,1.0,0.0
2014-04-02 18:55:00,34.264077274099996,1.0,0.0
2014-04-02 19:00:00,23.7557829856,1.0,0.0
2014-04-02 19:05:00,23.123079839899997,1.0,0.0
2014-04-02 19:10:00,21.6154382188,1.0,0.0
2014-04-02 19:15:00,22.473096963400003,1.0,0.4
2014-04-02 19:20:00,22.1528338588,1.0,0.075
2014-04-02 19:25:00,21.678189661199998,0.975,11.05
2014-04-02 19:30:00,23.9596492617,1.0,0.0
2014-04-02 19:35:00,22.3261104694,1.0,2.525
2014-04-02 19:40:00,23.890598167600004,1.0,0.0
2014-04-02 19:45:00,20.6313776324,1.0,11.675
2014-04-02 19:50:00,20.7917899124,1.0,0.0
2014-04-02 19:55:00,24.5383936208,1.0,0.0
2014-04-02 20:00:00,20.8394993728,1.0,16.65
2014-04-02 20:05:00,20.5200163364,1.0,0.875
2014-04-02 20:10:00,20.5748469877,0.4,3.925
2014-04-02 20:15:00,19.3137406667,1.0,0.9
2014-04-02 20:20:00,21.3758111207,1.0,0.05
2014-04-02 20:25:00,18.7792612094,0.44999999999999996,16.95
2014-04-02 20:30:00,20.7803336795,0.9,1.1
2014-04-02 20:35:00,20.7698687416,1.0,1.175
2014-04-02 20:40:00,22.176515519099997,1.0,1.175
2014-04-02 20:45:00,20.5872445431,1.0,1.025
2014-04-02 20:50:00,18.9934085748,1.0,1.125
2014-04-02 20:55:00,20.7779971005,1.0,0.6
2014-04-02 21:00:00,18.4534640231,1.0,0.0
2014-04-02 21:05:00,18.905488136600002,1.0,24.85
2014-04-02 21:10:00,18.211431577,1.0,0.325
2014-04-02 21:15:00,20.1494295173,0.55,23.575
2014-04-02 21:20:00,18.4261534423,1.0,0.45
2014-04-02 21:25:00,19.972989837300002,0.625,21.325
2014-04-02 21:30:00,21.836092632600003,1.0,1.825
2014-04-02 21:35:00,20.9792650199,1.0,1.575
2014-04-02 21:40:00,18.397532956,1.0,1.175
2014-04-02 21:45:00,18.9875440308,1.0,1.35
2014-04-02 21:50:00,20.7939839472,1.0,1.2
2014-04-02 21:55:00,21.6823856668,1.0,1.15
2014-04-02 22:00:00,18.1490807455,0.625,16.525
2014-04-02 22:05:00,21.270204328800002,1.0,1.275
2014-04-02 22:10:00,20.266692876700002,1.0,1.5
2014-04-02 22:15:00,20.203742282,0.8,18.625
2014-04-02 22:20:00,21.8522107229,1.0,1.45
2014-04-02 22:25:00,21.0107293954,1.0,1.325
2014-04-02 22:30:00,21.4210199182,1.0,1.625
2014-04-02 22:35:00,19.4346216116,0.8,17.65
2014-04-02 22:40:00,20.2368649113,1.0,1.425
2014-04-02 22:45:00,20.4812658575,1.0,1.725
2014-04-02 22:50:00,19.3048506343,0.675,15.325
2014-04-02 22:55:00,20.3004622426,1.0,1.325
2014-04-02 23:00:00,18.9502592674,1.0,2.0
2014-04-02 23:05:00,18.577068795,0.725,18.5
2014-04-02 23:10:00,19.4996242444,1.0,1.75
2014-04-02 23:15:00,20.9611822874,1.0,2.1
2014-04-02 23:20:00,21.6689082219,0.6,21.875
2014-04-02 23:25:00,19.8346637284,1.0,0.3
2014-04-02 23:30:00,20.5752444397,0.625,23.5
2014-04-02 23:35:00,18.4156836546,1.0,0.15
2014-04-02 23:40:00,21.6220056603,0.725,27.625
2014-04-02 23:45:00,20.2783095403,0.9,2.275
2014-04-02 23:50:00,21.1254082882,1.0,1.875
2014-04-02 23:55:00,21.1818309324,1.0,1.225
2014-04-03 00:00:00,19.0259221055,1.0,1.5
2014-04-03 00:05:00,20.1166978127,1.0,1.6
2014-04-03 00:10:00,21.841919006199998,1.0,2.25
2014-04-03 00:15:00,18.3585381793,1.0,3.775
2014-04-03 00:20:00,20.7321995921,1.0,0.025
2014-04-03 00:25:00,21.8490563121,0.75,35.6
2014-04-03 00:30:00,19.2023084322,1.0,0.225
2014-04-03 00:35:00,21.4457916856,0.725,33.375
2014-04-03 00:40:00,21.7346301816,0.975,0.7
2014-04-03 00:45:00,20.9883448376,0.75,33.825
2014-04-03 00:50:00,18.925313249200002,0.975,0.65
2014-04-03 00:55:00,19.3360028753,1.0,0.1
2014-04-03 01:00:00,18.1432371777,0.44999999999999996,3.2
2014-04-03 01:05:00,21.325812937000002,1.0,0.675
2014-04-03 01:10:00,21.398444746,1.0,0.4
2014-04-03 01:15:00,20.5308412399,0.75,36.8
2014-04-03 01:20:00,19.4101114051,1.0,0.0
2014-04-03 01:25:00,18.3072441106,1.0,0.875
2014-04-03 01:30:00,21.0122304397,1.0,0.35
2014-04-03 01:35:00,20.9061047744,0.65,31.775
2014-04-03 01:40:00,21.650410086999997,0.95,0.95
2014-04-03 01:45:00,20.922128084,1.0,0.925
2014-04-03 01:50:00,21.314779769,1.0,0.55
2014-04-03 01:55:00,20.9838184716,0.65,32.85
2014-04-03 02:00:00,20.5227487532,0.975,2.675
2014-04-03 02:05:00,19.7078655768,1.0,2.575
2014-04-03 02:10:00,21.6084692346,1.0,1.3
2014-04-03 02:15:00,20.6038742876,1.0,1.375
2014-04-03 02:20:00,19.5934212879,1.0,0.15
2014-04-03 02:25:00,18.3338771807,1.0,0.0
2014-04-03 02:30:00,19.1628194236,1.0,14.425
2014-04-03 02:35:00,20.1749069393,1.0,0.0
2014-04-03 02:40:00,19.1025414801,1.0,30.275
2014-04-03 02:45:00,18.8849413917,1.0,0.325
2014-04-03 02:50:00,20.1095740564,1.0,0.0
2014-04-03 02:55:00,18.6792813836,1.0,0.0
2014-04-03 03:00:00,21.2016402533,1.0,0.0
2014-04-03 03:05:00,19.9374726054,1.0,0.0
2014-04-03 03:10:00,20.2954510959,1.0,0.0
2014-04-03 03:15:00,18.589533070399998,1.0,0.0
2014-04-03 03:20:00,19.2983053425,1.0,0.0
2014-04-03 03:25:00,19.640358733,1.0,0.0
2014-04-03 03:30:00,21.2328513221,1.0,0.0
2014-04-03 03:35:00,21.0806380923,1.0,0.0
2014-04-03 03:40:00,18.8919098992,1.0,0.0
2014-04-03 03:45:00,20.4647163264,1.0,0.0
2014-04-03 03:50:00,18.9738254311,1.0,0.0
2014-04-03 03:55:00,21.952988622800003,1.0,0.0
2014-04-03 04:00:00,21.8084955125,1.0,0.0
2014-04-03 04:05:00,20.2530588821,1.0,0.0
2014-04-03 04:10:00,20.7956102876,1.0,0.0
2014-04-03 04:15:00,21.2057215288,1.0,0.0
2014-04-03 04:20:00,20.8839936802,1.0,2.45
2014-04-03 04:25:00,20.7993147643,1.0,0.0
2014-04-03 04:30:00,21.834216031799997,1.0,0.0
2014-04-03 04:35:00,20.3858244252,1.0,0.0
2014-04-03 04:40:00,20.5452106873,1.0,0.65
2014-04-03 04:45:00,21.3970750018,1.0,0.0
2014-04-03 04:50:00,20.6795634714,1.0,0.0
2014-04-03 04:55:00,20.931730488099998,1.0,3.325
2014-04-03 05:00:00,18.9366747448,1.0,0.0
2014-04-03 05:05:00,19.4850676965,1.0,7.8
2014-04-03 05:10:00,18.5892053828,1.0,0.0
2014-04-03 05:15:00,20.0230617693,1.0,0.0
2014-04-03 05:20:00,19.8229096027,1.0,18.45
2014-04-03 05:25:00,21.9886512571,1.0,0.0
2014-04-03 05:30:00,20.444834611300003,1.0,5.025
2014-04-03 05:35:00,21.1457792928,0.975,1.375
2014-04-03 05:40:00,19.336058683,1.0,0.0
2014-04-03 05:45:00,21.3261813254,1.0,0.0
2014-04-03 05:50:00,20.460339865999998,1.0,0.45
2014-04-03 05:55:00,20.787969326400003,0.775,21.1
2014-04-03 06:00:00,19.177723111800002,1.0,0.0
2014-04-03 06:05:00,20.1945535668,1.0,29.5
2014-04-03 06:10:00,20.536147893699997,0.975,2.2
2014-04-03 06:15:00,20.3563787033,1.0,1.775
2014-04-03 06:20:00,21.6607748457,1.0,0.0
2014-04-03 06:25:00,21.593090658,1.0,43.3
2014-04-03 06:30:00,21.8839362315,1.0,2.3
2014-04-03 06:35:00,20.669712024000003,1.0,2.45
2014-04-03 06:40:00,21.887656520500002,1.0,1.975
2014-04-03 06:45:00,21.3299120001,1.0,1.95
2014-04-03 06:50:00,19.083328561400002,1.0,0.0
2014-04-03 06:55:00,19.709742678199998,1.0,32.0
2014-04-03 07:00:00,18.9535697688,0.925,2.7
2014-04-03 07:05:00,18.0167886433,1.0,1.975
2014-04-03 07:10:00,18.7521950126,1.0,3.7
2014-04-03 07:15:00,18.0162423451,1.0,1.225
2014-04-03 07:20:00,20.8793538454,1.0,1.85
2014-04-03 07:25:00,19.7021371909,1.0,2.025
2014-04-03 07:30:00,19.2502989083,1.0,0.775
2014-04-03 07:35:00,21.0468835644,1.0,0.15
2014-04-03 07:40:00,21.3299470985,0.675,43.2
2014-04-03 07:45:00,21.9011981546,0.975,2.375
2014-04-03 07:50:00,20.568054338699998,1.0,2.55
2014-04-03 07:55:00,19.8461158342,1.0,2.325
2014-04-03 08:00:00,19.2210572064,1.0,3.45
2014-04-03 08:05:00,18.889272836900002,1.0,2.825
2014-04-03 08:10:00,18.8517038019,1.0,1.95
2014-04-03 08:15:00,19.6367574989,1.0,1.35
2014-04-03 08:20:00,21.967145421199998,1.0,1.025
2014-04-03 08:25:00,18.0034147897,1.0,0.15
2014-04-03 08:30:00,18.7888235889,0.825,54.55
2014-04-03 08:35:00,18.7535719296,1.0,2.475
2014-04-03 08:40:00,20.8684779421,1.0,3.25
2014-04-03 08:45:00,19.4099389104,1.0,5.125
2014-04-03 08:50:00,19.8290432184,1.0,4.825
2014-04-03 08:55:00,18.594496521900002,1.0,2.7
2014-04-03 09:00:00,66.7079597287,1.0,0.0
2014-04-03 09:05:00,62.603517441899996,1.0,0.275
2014-04-03 09:10:00,68.4493887153,1.0,0.925
2014-04-03 09:15:00,62.5319617692,1.0,0.0
2014-04-03 09:20:00,71.950913984,1.0,9.325
2014-04-03 09:25:00,68.90578335859999,1.0,1.175
2014-04-03 09:30:00,71.0459630833,1.0,0.9
2014-04-03 09:35:00,66.8918228585,1.0,0.0
2014-04-03 09:40:00,66.3882815881,0.30000000000000004,8.725
2014-04-03 09:45:00,62.535640891099995,1.0,1.0
2014-04-03 09:50:00,68.3244362558,1.0,0.925
2014-04-03 09:55:00,68.1972294421,1.0,0.025
2014-04-03 10:00:00,77.1049437299,1.0,0.0
2014-04-03 10:05:00,81.33284501989999,1.0,13.375
2014-04-03 10:10:00,82.76046828850001,1.0,0.0
2014-04-03 10:15:00,81.4922557552,0.525,25.5
2014-04-03 10:20:00,72.0727963284,1.0,0.075
2014-04-03 10:25:00,79.4943635841,0.775,40.75
2014-04-03 10:30:00,71.0866146003,0.9,0.475
2014-04-03 10:35:00,80.6205379011,0.95,23.975
2014-04-03 10:40:00,75.7661427786,0.925,2.225
2014-04-03 10:45:00,71.8963838013,1.0,0.7
2014-04-03 10:50:00,83.2190293003,1.0,1.25
2014-04-03 10:55:00,79.3694094219,1.0,0.0
2014-04-03 11:00:00,77.2095458902,0.8,38.775
2014-04-03 11:05:00,72.0566850652,0.975,0.75
2014-04-03 11:10:00,80.1133823592,1.0,0.85
2014-04-03 11:15:00,86.2509843714,1.0,0.15
2014-04-03 11:20:00,81.0528248593,0.75,38.025
2014-04-03 11:25:00,87.0211312159,1.0,0.6
2014-04-03 11:30:00,73.738118585,1.0,17.65
2014-04-03 11:35:00,80.60632438350001,1.0,0.0
2014-04-03 11:40:00,84.2613807635,0.65,28.6
2014-04-03 11:45:00,79.9261997878,1.0,2.375
2014-04-03 11:50:00,73.01631932560001,1.0,2.25
2014-04-03 11:55:00,80.8382189686,1.0,1.3
2014-04-03 12:00:00,81.6896611257,1.0,0.2
2014-04-03 12:05:00,83.55895675800001,0.75,38.75
2014-04-03 12:10:00,84.0783689816,1.0,0.925
2014-04-03 12:15:00,84.2311641758,0.625,28.6
2014-04-03 12:20:00,82.5159721659,1.0,0.6
2014-04-03 12:25:00,75.3624354079,0.7,35.15
2014-04-03 12:30:00,78.3736107669,1.0,0.0
2014-04-03 12:35:00,84.3167778664,1.0,31.3
2014-04-03 12:40:00,87.15012593629999,1.0,0.0
2014-04-03 12:45:00,73.17523565569999,1.0,31.35
2014-04-03 12:50:00,80.4719045405,1.0,0.975
2014-04-03 12:55:00,76.90795591359999,0.85,23.225
2014-04-03 13:00:00,75.5881567965,1.0,0.825
2014-04-03 13:05:00,80.0737486233,0.65,31.175
2014-04-03 13:10:00,81.6778220658,1.0,0.0
2014-04-03 13:15:00,72.1390381773,1.0,10.775
2014-04-03 13:20:00,84.463029162,1.0,0.7
2014-04-03 13:25:00,85.0976857528,1.0,0.4
2014-04-03 13:30:00,87.4271856315,0.925,4.6
2014-04-03 13:35:00,74.8723260597,1.0,0.0
2014-04-03 13:40:00,81.4932779159,1.0,33.275
2014-04-03 13:45:00,78.8070877342,1.0,0.0
2014-04-03 13:50:00,77.3386798859,0.7,33.575
2014-04-03 13:55:00,81.0306831905,1.0,0.475
2014-04-03 14:00:00,84.5140726214,1.0,10.425
2014-04-03 14:05:00,72.3653708306,1.0,0.0
2014-04-03 14:10:00,87.5062013018,1.0,11.875
2014-04-03 14:15:00,84.9540273822,1.0,1.225
2014-04-03 14:20:00,84.0144263723,1.0,1.225
2014-04-03 14:25:00,84.1621581374,1.0,0.65
2014-04-03 14:30:00,78.2212165553,1.0,7.575
2014-04-03 14:35:00,84.0218955689,1.0,0.3
2014-04-03 14:40:00,78.1845702981,1.0,41.4
2014-04-03 14:45:00,86.37516306639999,1.0,0.0
2014-04-03 14:50:00,74.83196602609999,1.0,16.225
2014-04-03 14:55:00,76.6738782646,1.0,0.0
2014-04-03 15:00:00,80.8206247977,0.8,39.025
2014-04-03 15:05:00,77.1066363434,1.0,0.0
2014-04-03 15:10:00,78.7870395619,0.7,34.55
2014-04-03 15:15:00,79.8779961943,1.0,0.0
2014-04-03 15:20:00,85.7008308451,1.0,20.8
2014-04-03 15:25:00,80.3703044954,0.975,2.35
2014-04-03 15:30:00,77.798610704,1.0,0.45
2014-04-03 15:35:00,75.96304937229999,0.7,4.475
2014-04-03 15:40:00,78.538061688,0.625,25.425
2014-04-03 15:45:00,80.2510072536,1.0,0.725
2014-04-03 15:50:00,83.937031912,1.0,0.575
2014-04-03 15:55:00,73.9360706257,1.0,12.025
2014-04-03 16:00:00,75.545601964,1.0,0.0
2014-04-03 16:05:00,78.0743143509,0.675,34.175
2014-04-03 16:10:00,77.76622517050001,1.0,0.3
2014-04-03 16:15:00,78.2678191272,0.65,29.4
2014-04-03 16:20:00,84.6961776173,1.0,0.0
2014-04-03 16:25:00,77.18632224939999,1.0,29.2
2014-04-03 16:30:00,80.0302172281,1.0,0.2
2014-04-03 16:35:00,81.98235511930001,0.775,36.6
2014-04-03 16:40:00,75.7147114304,1.0,0.0
2014-04-03 16:45:00,83.498965876,1.0,29.575
2014-04-03 16:50:00,80.7536260686,1.0,0.475
2014-04-03 16:55:00,79.1483466434,0.725,1.275
2014-04-03 17:00:00,84.9565118045,1.0,8.125
2014-04-03 17:05:00,75.8958950029,1.0,0.0
2014-04-03 17:10:00,86.1307824556,1.0,15.7
2014-04-03 17:15:00,80.97674867079998,1.0,0.0
2014-04-03 17:20:00,81.74676667930001,0.75,40.075
2014-04-03 17:25:00,86.0009104023,1.0,0.0
2014-04-03 17:30:00,85.0812903344,0.625,20.775
2014-04-03 17:35:00,81.6249617572,1.0,0.275
2014-04-03 17:40:00,84.05097098600001,0.7,27.375
2014-04-03 17:45:00,78.9330815334,1.0,1.125
2014-04-03 17:50:00,80.7580130449,1.0,10.0
2014-04-03 17:55:00,72.993094158,1.0,0.0
2014-04-03 18:00:00,29.3750850352,1.0,0.0
2014-04-03 18:05:00,34.108316038000005,1.0,0.0
2014-04-03 18:10:00,29.1818929934,1.0,0.0
2014-04-03 18:15:00,29.8841486663,1.0,0.0
2014-04-03 18:20:00,33.8933225098,1.0,0.0
2014-04-03 18:25:00,28.807328553,1.0,0.0
2014-04-03 18:30:00,30.607381828,1.0,0.0
2014-04-03 18:35:00,32.5378411628,1.0,0.0
2014-04-03 18:40:00,32.6108733001,1.0,0.0
2014-04-03 18:45:00,33.7737721281,1.0,0.0
2014-04-03 18:50:00,32.0379218775,1.0,0.0
2014-04-03 18:55:00,32.0601658094,1.0,0.0
2014-04-03 19:00:00,23.409390094299997,1.0,0.0
2014-04-03 19:05:00,22.393836367,1.0,0.0
2014-04-03 19:10:00,22.8860388123,1.0,0.0
2014-04-03 19:15:00,24.1820264992,1.0,0.0
2014-04-03 19:20:00,21.9584993095,1.0,5.75
2014-04-03 19:25:00,21.885359117100002,1.0,0.0
2014-04-03 19:30:00,20.1758983768,1.0,8.175
2014-04-03 19:35:00,22.908148394899996,1.0,0.0
2014-04-03 19:40:00,20.2933770319,1.0,19.55
2014-04-03 19:45:00,22.4185840042,1.0,0.0
2014-04-03 19:50:00,23.76296607130001,1.0,0.825
2014-04-03 19:55:00,22.623645154899997,1.0,0.0
2014-04-03 20:00:00,19.5364294983,1.0,9.525
2014-04-03 20:05:00,21.6521455944,1.0,1.35
2014-04-03 20:10:00,19.5367606143,1.0,0.9
2014-04-03 20:15:00,21.4344979175,1.0,2.525
2014-04-03 20:20:00,20.9316183813,0.65,11.05
2014-04-03 20:25:00,19.128304601900002,1.0,1.825
2014-04-03 20:30:00,22.1394280857,1.0,0.0
2014-04-03 20:35:00,19.2538362943,1.0,26.075
2014-04-03 20:40:00,22.4853483859,1.0,0.275
2014-04-03 20:45:00,18.46194354,1.0,0.0
2014-04-03 20:50:00,19.511227678599997,1.0,33.825
2014-04-03 20:55:00,19.2506275466,1.0,0.0
2014-04-03 21:00:00,18.1426422698,1.0,3.65
2014-04-03 21:05:00,21.0299330128,1.0,2.4
2014-04-03 21:10:00,20.8734169327,1.0,2.7
2014-04-03 21:15:00,21.2710169439,0.6,20.725
2014-04-03 21:20:00,19.118122751199998,1.0,2.375
2014-04-03 21:25:00,19.8722718549,1.0,2.775
2014-04-03 21:30:00,20.735509015399998,0.75,20.25
2014-04-03 21:35:00,19.8539175223,0.975,2.5
2014-04-03 21:40:00,20.889091685,1.0,2.825
2014-04-03 21:45:00,20.634465872699998,0.75,22.4
2014-04-03 21:50:00,18.5471924045,1.0,1.65
2014-04-03 21:55:00,21.2255684603,1.0,2.275
2014-04-03 22:00:00,20.9027528233,1.0,2.85
2014-04-03 22:05:00,20.6431359444,0.75,20.55
2014-04-03 22:10:00,18.6382499754,1.0,2.425
2014-04-03 22:15:00,19.0902948922,1.0,2.95
2014-04-03 22:20:00,19.5914979165,0.825,22.4
2014-04-03 22:25:00,19.138073407,1.0,2.55
2014-04-03 22:30:00,18.9293959449,1.0,3.0
2014-04-03 22:35:00,21.241803243699998,0.8,21.1
2014-04-03 22:40:00,20.5726597872,1.0,2.7
2014-04-03 22:45:00,20.2813399292,1.0,3.025
2014-04-03 22:50:00,18.9219584925,0.7,20.45
2014-04-03 22:55:00,21.6931116524,1.0,2.525
2014-04-03 23:00:00,18.7683349831,1.0,3.175
2014-04-03 23:05:00,21.1838702515,0.725,23.125
2014-04-03 23:10:00,21.8708890693,0.975,2.875
2014-04-03 23:15:00,20.9123853221,1.0,3.25
2014-04-03 23:20:00,21.975653614099997,0.725,23.3
2014-04-03 23:25:00,20.6081604731,0.975,2.975
2014-04-03 23:30:00,18.8734643821,1.0,3.325
2014-04-03 23:35:00,18.818890506400002,0.675,21.25
2014-04-03 23:40:00,19.3019624005,1.0,3.025
2014-04-03 23:45:00,18.031981555,1.0,0.15
2014-04-03 23:50:00,20.7307734227,1.0,24.75
2014-04-03 23:55:00,19.0783334735,0.975,1.425
2014-04-04 00:00:00,21.2607329292,1.0,0.0
2014-04-04 00:05:00,19.4366906022,1.0,34.25
2014-04-04 00:10:00,19.9198259739,1.0,0.0
2014-04-04 00:15:00,21.862755666199998,0.525,10.375
2014-04-04 00:20:00,18.968688492200002,1.0,0.0
2014-04-04 00:25:00,20.8850163897,1.0,0.0
2014-04-04 00:30:00,21.0204711572,1.0,28.325
2014-04-04 00:35:00,18.8839926301,1.0,0.0
2014-04-04 00:40:00,20.003987346400002,1.0,0.0
2014-04-04 00:45:00,19.4008077013,1.0,39.85
2014-04-04 00:50:00,21.0876249736,1.0,0.0
2014-04-04 00:55:00,20.4899332761,0.725,41.375
2014-04-04 01:00:00,19.9039322194,1.0,0.275
2014-04-04 01:05:00,21.1174530602,0.775,48.325
2014-04-04 01:10:00,18.94062228,1.0,0.0
2014-04-04 01:15:00,21.0144875223,1.0,49.775
2014-04-04 01:20:00,21.4614972484,1.0,0.0
2014-04-04 01:25:00,21.514486387199998,1.0,35.975
2014-04-04 01:30:00,21.1346943721,1.0,1.575
2014-04-04 01:35:00,19.632056668,1.0,0.625
2014-04-04 01:40:00,21.927232090900002,0.6,37.25
2014-04-04 01:45:00,19.5183745753,0.95,2.875
2014-04-04 01:50:00,20.5545015964,1.0,1.625
2014-04-04 01:55:00,18.6442967123,1.0,0.575
2014-04-04 02:00:00,21.921795594499997,0.625,43.675
2014-04-04 02:05:00,20.8159436875,1.0,0.0
2014-04-04 02:10:00,21.013510180999997,0.7,48.0
2014-04-04 02:15:00,18.2631068136,1.0,0.0
2014-04-04 02:20:00,21.0536712569,1.0,26.725
2014-04-04 02:25:00,21.0988937169,1.0,2.275
2014-04-04 02:30:00,20.687090905399998,1.0,2.325
2014-04-04 02:35:00,19.1676384552,1.0,1.175
2014-04-04 02:40:00,19.958760168599998,0.55,25.45
2014-04-04 02:45:00,18.4417374852,1.0,0.0
2014-04-04 02:50:00,19.8863482658,1.0,0.0
2014-04-04 02:55:00,18.9752954104,1.0,24.425
2014-04-04 03:00:00,19.396387945999997,1.0,0.3
2014-04-04 03:05:00,18.650401633599998,0.575,34.725
2014-04-04 03:10:00,18.920217470999997,1.0,0.0
2014-04-04 03:15:00,18.3062745673,1.0,0.15
2014-04-04 03:20:00,21.679605465700003,1.0,0.0
2014-04-04 03:25:00,20.1216427519,1.0,2.675
2014-04-04 03:30:00,19.586967885099998,0.975,26.625
2014-04-04 03:35:00,20.1401168511,0.975,3.675
2014-04-04 03:40:00,20.5131729139,1.0,0.0
2014-04-04 03:45:00,21.6875151735,1.0,0.0
2014-04-04 03:50:00,18.7147718091,1.0,0.0
2014-04-04 03:55:00,19.1822099945,1.0,38.5
2014-04-04 04:00:00,21.9031573454,1.0,0.95
2014-04-04 04:05:00,19.484771946600002,1.0,0.0
2014-04-04 04:10:00,18.090246603,1.0,0.0
2014-04-04 04:15:00,18.5905739705,1.0,20.075
2014-04-04 04:20:00,18.105354807,1.0,1.625
2014-04-04 04:25:00,21.9596925697,1.0,0.0
2014-04-04 04:30:00,19.115483396,1.0,1.575
2014-04-04 04:35:00,21.6941710277,1.0,0.0
2014-04-04 04:40:00,21.983545103,1.0,0.0
2014-04-04 04:45:00,20.3993648846,1.0,0.0
2014-04-04 04:50:00,18.1327852603,1.0,0.0
2014-04-04 04:55:00,18.326366521500002,1.0,11.4
2014-04-04 05:00:00,19.9263562204,1.0,0.0
2014-04-04 05:05:00,19.6246880516,1.0,35.725
2014-04-04 05:10:00,20.4247092231,1.0,0.0
2014-04-04 05:15:00,19.7553912388,1.0,28.3
2014-04-04 05:20:00,21.7363073971,1.0,0.0
2014-04-04 05:25:00,20.1389588617,1.0,36.575
2014-04-04 05:30:00,20.7749042458,1.0,0.0
2014-04-04 05:35:00,21.5859410906,1.0,0.0
2014-04-04 05:40:00,18.5874875033,1.0,0.0
2014-04-04 05:45:00,18.9189386165,1.0,32.7
2014-04-04 05:50:00,18.4292746419,1.0,0.0
2014-04-04 05:55:00,18.5585535969,1.0,60.025
2014-04-04 06:00:00,20.0503358677,1.0,0.0
2014-04-04 06:05:00,19.284717035899998,1.0,34.075
2014-04-04 06:10:00,19.6926913581,1.0,0.0
2014-04-04 06:15:00,21.9299593272,1.0,0.55
2014-04-04 06:20:00,18.6268173912,1.0,39.2
2014-04-04 06:25:00,20.163248283199998,0.975,3.15
2014-04-04 06:30:00,18.3954846202,1.0,0.0
2014-04-04 06:35:00,19.2739852531,1.0,57.6
2014-04-04 06:40:00,20.1101036947,0.975,2.0
2014-04-04 06:45:00,21.7865269839,1.0,0.0
2014-04-04 06:50:00,19.5649128851,1.0,39.225
2014-04-04 06:55:00,18.2596267849,1.0,0.375
2014-04-04 07:00:00,19.5526457918,1.0,61.425
2014-04-04 07:05:00,18.5829647035,0.975,2.775
2014-04-04 07:10:00,18.9199584532,1.0,3.3
2014-04-04 07:15:00,20.4723624927,1.0,2.575
2014-04-04 07:20:00,18.2696954648,1.0,2.75
2014-04-04 07:25:00,19.858895025,1.0,4.175
2014-04-04 07:30:00,20.437846344,1.0,2.775
2014-04-04 07:35:00,19.6874335695,1.0,2.85
2014-04-04 07:40:00,18.0765054025,1.0,0.775
2014-04-04 07:45:00,21.9420774276,0.775,41.25
2014-04-04 07:50:00,19.468463069400002,1.0,1.55
2014-04-04 07:55:00,21.1143087477,0.675,47.25
2014-04-04 08:00:00,19.302585968699997,0.925,3.925
2014-04-04 08:05:00,19.900067028,1.0,4.6
2014-04-04 08:10:00,19.5538545704,1.0,4.075
2014-04-04 08:15:00,19.370156918,1.0,3.375
2014-04-04 08:20:00,18.0874055088,1.0,0.0
2014-04-04 08:25:00,19.4400837514,1.0,61.4
2014-04-04 08:30:00,21.557959961599998,1.0,0.0
2014-04-04 08:35:00,20.7615733544,1.0,39.225
2014-04-04 08:40:00,18.5816914364,1.0,2.525
2014-04-04 08:45:00,20.3646200185,0.625,40.025
2014-04-04 08:50:00,21.5689234398,1.0,0.0
2014-04-04 08:55:00,20.8001361639,1.0,24.95
2014-04-04 09:00:00,63.2221077361,1.0,0.0
2014-04-04 09:05:00,73.0025219556,1.0,0.0
2014-04-04 09:10:00,65.3009985807,1.0,0.0
2014-04-04 09:15:00,67.3754355626,1.0,0.0
2014-04-04 09:20:00,68.3555415318,1.0,9.375
2014-04-04 09:25:00,72.7668898195,1.0,1.45
2014-04-04 09:30:00,73.869861934,1.0,1.025
2014-04-04 09:35:00,73.843279138,1.0,0.0
2014-04-04 09:40:00,61.3081768654,1.0,0.0
2014-04-04 09:45:00,73.737683404,1.0,22.575
2014-04-04 09:50:00,61.9396627376,1.0,0.9
2014-04-04 09:55:00,64.8145217327,0.22499999999999998,0.775
2014-04-04 10:00:00,77.8326115054,1.0,0.0
2014-04-04 10:05:00,77.2884466933,1.0,26.125
2014-04-04 10:10:00,79.2250960011,1.0,0.0
2014-04-04 10:15:00,77.28100547,0.75,40.475
2014-04-04 10:20:00,84.341510548,1.0,0.0
2014-04-04 10:25:00,73.5733181243,1.0,27.175
2014-04-04 10:30:00,74.09286325149999,0.975,2.025
2014-04-04 10:35:00,84.129852762,1.0,0.0
2014-04-04 10:40:00,71.0309972533,1.0,25.475
2014-04-04 10:45:00,79.300383956,1.0,0.35
2014-04-04 10:50:00,80.4205419761,0.875,23.65
2014-04-04 10:55:00,77.6860075476,1.0,0.0
2014-04-04 11:00:00,82.6090638008,0.775,45.5
2014-04-04 11:05:00,74.3154898902,1.0,0.225
2014-04-04 11:10:00,85.12826303,1.0,29.575
2014-04-04 11:15:00,73.7949685653,1.0,0.775
2014-04-04 11:20:00,77.9425211144,1.0,2.225
2014-04-04 11:25:00,72.7648968912,1.0,0.0
2014-04-04 11:30:00,80.2390369975,1.0,54.45
2014-04-04 11:35:00,82.2196373213,1.0,0.0
2014-04-04 11:40:00,86.53718888459998,0.7,27.225
2014-04-04 11:45:00,83.32640285949999,0.95,3.05
2014-04-04 11:50:00,80.17370078329998,1.0,1.7
2014-04-04 11:55:00,86.4003410411,1.0,1.05
2014-04-04 12:00:00,79.5594034214,1.0,34.4
2014-04-04 12:05:00,80.882115301,1.0,0.0
2014-04-04 12:10:00,81.439731351,0.85,49.575
2014-04-04 12:15:00,78.4654040034,1.0,0.3
2014-04-04 12:20:00,85.3132241814,0.825,30.025
2014-04-04 12:25:00,74.87285964350001,1.0,2.025
2014-04-04 12:30:00,80.7804220759,1.0,0.15
2014-04-04 12:35:00,83.4554652205,0.85,48.175
2014-04-04 12:40:00,86.3598624075,1.0,0.0
2014-04-04 12:45:00,86.03932310969999,0.775,33.125
2014-04-04 12:50:00,80.0436768173,0.975,1.75
2014-04-04 12:55:00,82.19183451880002,0.8,15.95
2014-04-04 13:00:00,78.2890099052,1.0,1.025
2014-04-04 13:05:00,79.4717664035,0.95,0.8
2014-04-04 13:10:00,86.4794926205,1.0,17.2
2014-04-04 13:15:00,86.8704099877,1.0,0.0
2014-04-04 13:20:00,86.3059065391,0.725,29.925
2014-04-04 13:25:00,74.1961224449,1.0,0.525
2014-04-04 13:30:00,85.5808000186,1.0,30.3
2014-04-04 13:35:00,87.15289797959998,1.0,0.0
2014-04-04 13:40:00,77.7613279144,1.0,54.6
2014-04-04 13:45:00,80.279069029,1.0,0.15
2014-04-04 13:50:00,84.4452523672,0.825,40.4
2014-04-04 13:55:00,80.973811821,1.0,0.85
2014-04-04 14:00:00,87.89151735200001,0.625,20.15
2014-04-04 14:05:00,79.2876078546,1.0,0.025
2014-04-04 14:10:00,83.4190790713,0.85,46.8
2014-04-04 14:15:00,84.6773935331,1.0,0.375
2014-04-04 14:20:00,79.90177118300001,0.95,54.0
2014-04-04 14:25:00,85.70762672779999,1.0,0.0
2014-04-04 14:30:00,80.7345980126,0.9,55.475
2014-04-04 14:35:00,78.58264060100001,1.0,0.3
2014-04-04 14:40:00,73.721639973,0.775,40.6
2014-04-04 14:45:00,78.29085908,1.0,0.0
2014-04-04 14:50:00,83.7389636125,1.0,34.775
2014-04-04 14:55:00,86.7364190389,1.0,0.1
2014-04-04 15:00:00,76.0261406038,1.0,43.075
2014-04-04 15:05:00,77.6830225131,1.0,0.0
2014-04-04 15:10:00,74.4626610573,0.775,39.85
2014-04-04 15:15:00,83.0507690126,1.0,0.0
2014-04-04 15:20:00,87.3621761952,0.6,20.025
2014-04-04 15:25:00,82.25444586729999,1.0,0.575
2014-04-04 15:30:00,81.8724384971,0.825,46.2
2014-04-04 15:35:00,80.855062672,1.0,0.0
2014-04-04 15:40:00,73.4145870642,0.725,33.85
2014-04-04 15:45:00,83.67125797109999,1.0,0.675
2014-04-04 15:50:00,81.63200902199999,1.0,9.825
2014-04-04 15:55:00,82.58283549890001,0.875,13.75
2014-04-04 16:00:00,86.38081163700001,0.975,0.725
2014-04-04 16:05:00,84.5432102697,1.0,0.525
2014-04-04 16:10:00,84.49448180479999,0.65,21.15
2014-04-04 16:15:00,86.834773579,1.0,0.0
2014-04-04 16:20:00,87.8387905726,0.475,10.8
2014-04-04 16:25:00,81.3003676144,1.0,0.3
2014-04-04 16:30:00,73.7419642717,1.0,13.2
2014-04-04 16:35:00,79.3459261799,1.0,0.0
2014-04-04 16:40:00,84.6014559083,0.7,25.125
2014-04-04 16:45:00,72.4434661045,1.0,0.0
2014-04-04 16:50:00,72.9100590261,0.525,6.375
2014-04-04 16:55:00,73.074384215,1.0,0.15
2014-04-04 17:00:00,83.6965399938,1.0,20.2
2014-04-04 17:05:00,80.01863532979999,1.0,0.9
2014-04-04 17:10:00,77.90233718180001,0.6,21.875
2014-04-04 17:15:00,73.6898444273,1.0,0.0
2014-04-04 17:20:00,83.71581185640001,1.0,20.4
2014-04-04 17:25:00,77.1362873485,1.0,1.3
2014-04-04 17:30:00,76.2451558429,0.625,7.7
2014-04-04 17:35:00,82.437075569,1.0,0.0
2014-04-04 17:40:00,80.944143199,0.625,13.25
2014-04-04 17:45:00,77.79854039439999,1.0,0.0
2014-04-04 17:50:00,82.2637679436,1.0,19.2
2014-04-04 17:55:00,76.3395150118,1.0,0.0
2014-04-04 18:00:00,33.886907168,1.0,0.0
2014-04-04 18:05:00,30.2676354706,1.0,0.0
2014-04-04 18:10:00,29.8165555257,1.0,0.0
2014-04-04 18:15:00,33.8076057297,1.0,0.0
2014-04-04 18:20:00,33.330502597,1.0,0.0
2014-04-04 18:25:00,29.9688836905,1.0,0.0
2014-04-04 18:30:00,29.5439671448,1.0,0.0
2014-04-04 18:35:00,34.1657476065,1.0,0.0
2014-04-04 18:40:00,33.7702238022,1.0,0.0
2014-04-04 18:45:00,30.8944412599,1.0,0.0
2014-04-04 18:50:00,33.0124570742,1.0,0.0
2014-04-04 18:55:00,29.5946195117,1.0,0.0
2014-04-04 19:00:00,22.431572281999998,1.0,0.0
2014-04-04 19:05:00,20.2439105979,1.0,0.0
2014-04-04 19:10:00,21.9143752244,1.0,0.0
2014-04-04 19:15:00,20.4952947159,1.0,0.0
2014-04-04 19:20:00,22.2886581444,1.0,0.0
2014-04-04 19:25:00,22.0491325683,1.0,0.0
2014-04-04 19:30:00,22.1508437042,1.0,0.0
2014-04-04 19:35:00,20.3630831161,1.0,0.0
2014-04-04 19:40:00,21.7800400142,1.0,7.725
2014-04-04 19:45:00,23.5490463521,1.0,0.0
2014-04-04 19:50:00,21.812735196,1.0,8.35
2014-04-04 19:55:00,23.363969066,1.0,0.0
2014-04-04 20:00:00,19.9453846127,1.0,0.95
2014-04-04 20:05:00,20.1655885104,0.975,3.7
2014-04-04 20:10:00,20.7417018452,1.0,0.4
2014-04-04 20:15:00,22.3259929452,1.0,1.0
2014-04-04 20:20:00,18.8778921629,1.0,0.775
2014-04-04 20:25:00,18.5668145736,0.625,25.25
2014-04-04 20:30:00,20.9221923738,1.0,2.1
2014-04-04 20:35:00,22.3195014084,1.0,0.0
2014-04-04 20:40:00,22.4859056811,1.0,18.6
2014-04-04 20:45:00,20.415136512300002,1.0,3.1
2014-04-04 20:50:00,20.3492620758,1.0,1.975
2014-04-04 20:55:00,21.0737713521,1.0,1.45
2014-04-04 21:00:00,20.319607166500003,1.0,2.125
2014-04-04 21:05:00,20.6349266707,1.0,3.725
2014-04-04 21:10:00,21.5991784383,1.0,3.875
2014-04-04 21:15:00,21.0859537048,0.975,16.175
2014-04-04 21:20:00,20.0834495635,1.0,3.025
2014-04-04 21:25:00,19.9427255848,1.0,3.575
2014-04-04 21:30:00,20.657087297100002,0.75,23.85
2014-04-04 21:35:00,19.9179746496,1.0,3.9
2014-04-04 21:40:00,19.9263067199,1.0,3.6
2014-04-04 21:45:00,18.1519366361,1.0,1.3
2014-04-04 21:50:00,18.7859985351,0.825,37.775
2014-04-04 21:55:00,20.0498339728,0.875,3.25
2014-04-04 22:00:00,21.311052815,1.0,2.05
2014-04-04 22:05:00,19.1332583292,1.0,1.525
2014-04-04 22:10:00,20.1098606734,1.0,2.525
2014-04-04 22:15:00,19.3984529839,1.0,3.9
2014-04-04 22:20:00,18.4368983964,1.0,3.75
2014-04-04 22:25:00,21.8541537877,0.85,29.85
2014-04-04 22:30:00,21.4392574181,1.0,2.55
2014-04-04 22:35:00,18.3315510998,1.0,3.2
2014-04-04 22:40:00,20.8991930227,1.0,3.85
2014-04-04 22:45:00,19.4089343147,0.75,26.825
2014-04-04 22:50:00,22.0004994407,0.975,3.225
2014-04-04 22:55:00,19.2280352802,1.0,3.875
2014-04-04 23:00:00,18.9585931307,0.725,24.875
2014-04-04 23:05:00,20.2754543312,1.0,3.925
2014-04-04 23:10:00,21.3446020282,1.0,3.875
2014-04-04 23:15:00,18.7736793399,0.7,23.875
2014-04-04 23:20:00,20.8416118982,0.975,3.975
2014-04-04 23:25:00,18.249129490999998,1.0,1.45
2014-04-04 23:30:00,21.6799007122,0.85,38.25
2014-04-04 23:35:00,18.3278179283,1.0,0.05
2014-04-04 23:40:00,21.6610836329,0.9,43.3
2014-04-04 23:45:00,19.9670619358,1.0,0.325
2014-04-04 23:50:00,19.7961645832,0.775,38.65
2014-04-04 23:55:00,21.897431815700003,1.0,1.375
2014-04-05 00:00:00,21.9615367108,0.8,11.9
2014-04-05 00:05:00,20.6007125038,0.975,0.975
2014-04-05 00:10:00,18.5084771674,1.0,0.0
2014-04-05 00:15:00,20.0246803426,0.675,38.65
2014-04-05 00:20:00,20.1166524038,1.0,0.0
2014-04-05 00:25:00,20.0577857125,0.725,39.025
2014-04-05 00:30:00,20.2779673541,1.0,0.475
2014-04-05 00:35:00,18.0748988552,1.0,0.0
2014-04-05 00:40:00,20.8449091259,1.0,7.85
2014-04-05 00:45:00,20.8495772078,1.0,0.25
2014-04-05 00:50:00,18.4618791007,1.0,0.0
2014-04-05 00:55:00,20.2809577698,1.0,8.9
2014-04-05 01:00:00,20.2734447297,1.0,0.575
2014-04-05 01:05:00,20.729801680799998,0.725,51.675
2014-04-05 01:10:00,18.341590768499998,1.0,0.0
2014-04-05 01:15:00,20.506013229100002,1.0,9.175
2014-04-05 01:20:00,19.123007803,1.0,0.0
2014-04-05 01:25:00,20.028011962,1.0,0.825
2014-04-05 01:30:00,21.0932942108,1.0,4.575
2014-04-05 01:35:00,20.8225837455,0.675,42.4
2014-04-05 01:40:00,18.4756120707,1.0,0.0
2014-04-05 01:45:00,20.3647391485,1.0,1.625
2014-04-05 01:50:00,21.8764661238,0.975,28.65
2014-04-05 01:55:00,18.6270777493,1.0,0.0
2014-04-05 02:00:00,21.4116283509,1.0,49.45
2014-04-05 02:05:00,20.8101923222,0.95,2.85
2014-04-05 02:10:00,21.096013251600002,1.0,4.6
2014-04-05 02:15:00,19.1278333086,1.0,4.05
2014-04-05 02:20:00,19.1515557175,1.0,3.05
2014-04-05 02:25:00,21.6240778231,1.0,2.825
2014-04-05 02:30:00,19.4393281284,1.0,3.3
2014-04-05 02:35:00,18.252061562799998,1.0,0.0
2014-04-05 02:40:00,20.4023868143,1.0,61.0
2014-04-05 02:45:00,18.4992706762,0.975,2.9
2014-04-05 02:50:00,21.1863849656,1.0,6.4
2014-04-05 02:55:00,20.56698577,1.0,5.075
2014-04-05 03:00:00,21.4989060209,1.0,4.375
2014-04-05 03:05:00,21.1393489991,1.0,3.125
2014-04-05 03:10:00,18.448454593399997,1.0,0.0
2014-04-05 03:15:00,19.5242827057,1.0,67.125
2014-04-05 03:20:00,21.0982409997,0.975,4.2
2014-04-05 03:25:00,19.6693658931,1.0,7.25
2014-04-05 03:30:00,21.8894619391,1.0,3.4
2014-04-05 03:35:00,20.9429617996,1.0,4.075
2014-04-05 03:40:00,18.061999666800002,1.0,0.3
2014-04-05 03:45:00,21.5199427662,1.0,3.125
2014-04-05 03:50:00,18.4032191395,1.0,10.55
2014-04-05 03:55:00,18.5620948967,1.0,0.0
2014-04-05 04:00:00,20.9379696024,1.0,0.0
2014-04-05 04:05:00,21.4598742377,1.0,0.0
2014-04-05 04:10:00,20.1453985116,1.0,0.75
2014-04-05 04:15:00,19.156198931800002,1.0,0.0
2014-04-05 04:20:00,19.405262180999998,1.0,1.0
2014-04-05 04:25:00,19.3715573184,1.0,0.0
2014-04-05 04:30:00,19.3067124152,1.0,0.0
2014-04-05 04:35:00,18.9716386873,1.0,53.025
2014-04-05 04:40:00,20.435468378499998,1.0,0.0
2014-04-05 04:45:00,21.601621274299998,1.0,0.0
2014-04-05 04:50:00,19.2283296523,1.0,0.0
2014-04-05 04:55:00,18.7467771898,1.0,34.85
2014-04-05 05:00:00,21.354310665499998,1.0,0.0
2014-04-05 05:05:00,20.9671333236,1.0,0.0
2014-04-05 05:10:00,21.723348126199998,1.0,0.0
2014-04-05 05:15:00,18.6620789424,1.0,0.0
2014-04-05 05:20:00,18.5770052565,1.0,0.0
2014-04-05 05:25:00,20.1657175772,1.0,0.0
2014-04-05 05:30:00,20.457734619300002,1.0,0.0
2014-04-05 05:35:00,19.9206937674,1.0,35.85
2014-04-05 05:40:00,20.3958665453,1.0,0.0
2014-04-05 05:45:00,18.721519075499998,1.0,0.0
2014-04-05 05:50:00,19.9184550167,1.0,0.0
2014-04-05 05:55:00,20.6323702438,1.0,0.0
2014-04-05 06:00:00,19.730825797,1.0,0.0
2014-04-05 06:05:00,20.717789343299998,1.0,48.425
2014-04-05 06:10:00,19.8047651222,0.975,2.525
2014-04-05 06:15:00,19.3343983234,1.0,0.0
2014-04-05 06:20:00,19.2144201883,1.0,37.975
2014-04-05 06:25:00,19.643608236,1.0,0.0
2014-04-05 06:30:00,18.0923584907,1.0,0.8
2014-04-05 06:35:00,20.674100553800002,1.0,1.625
2014-04-05 06:40:00,21.3804225639,1.0,0.0
2014-04-05 06:45:00,19.4185083778,1.0,48.85
2014-04-05 06:50:00,18.1841325446,1.0,0.25
2014-04-05 06:55:00,21.9471023895,1.0,38.7
2014-04-05 07:00:00,19.054793021800002,1.0,3.1
2014-04-05 07:05:00,18.5064844868,1.0,5.775
2014-04-05 07:10:00,19.4790100319,1.0,2.525
2014-04-05 07:15:00,20.9542281625,1.0,2.6
2014-04-05 07:20:00,19.1756663876,1.0,1.7
2014-04-05 07:25:00,20.2988128157,1.0,0.675
2014-04-05 07:30:00,19.6622399777,0.55,39.7
2014-04-05 07:35:00,18.4710559691,1.0,1.425
2014-04-05 07:40:00,19.32114805,0.75,63.825
2014-04-05 07:45:00,20.8994820229,0.975,3.225
2014-04-05 07:50:00,20.448015589300002,1.0,2.85
2014-04-05 07:55:00,18.4791135195,1.0,1.5
2014-04-05 08:00:00,18.653289638900002,1.0,4.675
2014-04-05 08:05:00,20.5629334372,1.0,4.8
2014-04-05 08:10:00,21.2536616573,1.0,3.875
2014-04-05 08:15:00,19.3978979838,1.0,2.25
2014-04-05 08:20:00,20.3812430074,1.0,1.7
2014-04-05 08:25:00,18.682574355,1.0,0.0
2014-04-05 08:30:00,19.245505347599998,1.0,72.375
2014-04-05 08:35:00,18.0810808227,1.0,0.0
2014-04-05 08:40:00,21.073103791199998,1.0,31.25
2014-04-05 08:45:00,19.6040392791,1.0,5.05
2014-04-05 08:50:00,21.2645022946,1.0,0.0
2014-04-05 08:55:00,20.8334919841,1.0,51.125
2014-04-05 09:00:00,72.47092201390001,1.0,0.0
2014-04-05 09:05:00,65.0849579063,1.0,0.0
2014-04-05 09:10:00,63.7174787338,1.0,3.2
2014-04-05 09:15:00,74.4179172841,1.0,0.0
2014-04-05 09:20:00,70.9556579038,1.0,2.8
2014-04-05 09:25:00,72.5429748438,1.0,0.75
2014-04-05 09:30:00,61.3786138825,1.0,1.15
2014-04-05 09:35:00,66.020678036,1.0,0.6
2014-04-05 09:40:00,71.3023069919,1.0,6.9
2014-04-05 09:45:00,62.2605665287,1.0,0.0
2014-04-05 09:50:00,68.9158230421,1.0,10.925
2014-04-05 09:55:00,67.0353896374,1.0,0.0
2014-04-05 10:00:00,70.1134081908,0.44999999999999996,16.925
2014-04-05 10:05:00,73.5023409569,1.0,0.65
2014-04-05 10:10:00,74.2599716703,0.625,10.25
2014-04-05 10:15:00,71.5760663673,1.0,0.0
2014-04-05 10:20:00,79.6414528392,1.0,0.55
2014-04-05 10:25:00,73.6020150394,0.95,28.825
2014-04-05 10:30:00,74.1486546341,1.0,1.0
2014-04-05 10:35:00,83.7806630441,1.0,0.0
2014-04-05 10:40:00,77.0897503986,1.0,32.7
2014-04-05 10:45:00,75.925828841,1.0,0.0
2014-04-05 10:50:00,81.0744785146,0.9,51.55
2014-04-05 10:55:00,83.9572061276,1.0,0.0
2014-04-05 11:00:00,71.9661778915,1.0,30.8
2014-04-05 11:05:00,78.69679061560001,1.0,0.125
2014-04-05 11:10:00,81.2818666871,0.8,46.8
2014-04-05 11:15:00,76.6344275126,1.0,0.325
2014-04-05 11:20:00,83.8523724126,1.0,35.9
2014-04-05 11:25:00,87.0183713256,1.0,0.0
2014-04-05 11:30:00,86.5722688328,0.825,31.175
2014-04-05 11:35:00,75.7981863063,1.0,0.15
2014-04-05 11:40:00,75.1676839803,0.875,51.15
2014-04-05 11:45:00,86.7959294054,1.0,0.0
2014-04-05 11:50:00,78.8620274641,1.0,55.15
2014-04-05 11:55:00,74.8807669879,1.0,0.1
2014-04-05 12:00:00,83.2119770764,1.0,50.5
2014-04-05 12:05:00,76.4588643122,1.0,0.0
2014-04-05 12:10:00,76.1844204592,0.875,54.2
2014-04-05 12:15:00,85.9647031076,1.0,0.1
2014-04-05 12:20:00,74.5101468543,1.0,49.95
2014-04-05 12:25:00,72.9426507989,1.0,0.0
2014-04-05 12:30:00,76.2154146631,0.925,55.525
2014-04-05 12:35:00,81.6130732535,1.0,0.05
2014-04-05 12:40:00,73.8806423677,1.0,37.125
2014-04-05 12:45:00,79.4500601387,1.0,0.0
2014-04-05 12:50:00,81.9389488943,0.95,59.275
2014-04-05 12:55:00,85.4770961312,1.0,0.225
2014-04-05 13:00:00,75.65975076,1.0,52.775
2014-04-05 13:05:00,85.0571225642,1.0,0.25
2014-04-05 13:10:00,75.74031813810001,1.0,54.05
2014-04-05 13:15:00,82.80838587630002,1.0,0.175
2014-04-05 13:20:00,78.8718433572,0.95,56.625
2014-04-05 13:25:00,73.8171795021,1.0,0.85
2014-04-05 13:30:00,83.40819263350001,1.0,40.475
2014-04-05 13:35:00,75.4660856883,1.0,0.125
2014-04-05 13:40:00,74.8080165824,0.9,54.45
2014-04-05 13:45:00,77.7145108974,1.0,0.0
2014-04-05 13:50:00,82.4328552816,0.975,61.45
2014-04-05 13:55:00,75.7257651142,1.0,0.15
2014-04-05 14:00:00,74.9349875684,0.875,48.6
2014-04-05 14:05:00,72.155794367,1.0,0.0
2014-04-05 14:10:00,79.5424713317,1.0,58.45
2014-04-05 14:15:00,78.8545439092,1.0,0.0
2014-04-05 14:20:00,75.73824828779999,0.825,49.825
2014-04-05 14:25:00,72.8549374193,1.0,0.075
2014-04-05 14:30:00,78.864308325,0.975,53.3
2014-04-05 14:35:00,84.6072204356,1.0,0.0
2014-04-05 14:40:00,83.4405087646,0.925,50.2
2014-04-05 14:45:00,85.76860114729999,1.0,0.175
2014-04-05 14:50:00,72.1498596439,1.0,11.625
2014-04-05 14:55:00,87.4585108588,1.0,0.0
2014-04-05 15:00:00,77.4618524011,1.0,47.45
2014-04-05 15:05:00,87.8455214124,1.0,0.075
2014-04-05 15:10:00,76.0411813673,1.0,42.7
2014-04-05 15:15:00,79.5438185733,1.0,0.0
2014-04-05 15:20:00,77.6620972619,0.85,47.525
2014-04-05 15:25:00,77.6914255951,1.0,0.15
2014-04-05 15:30:00,85.4756930054,1.0,28.7
2014-04-05 15:35:00,83.9418971858,1.0,0.375
2014-04-05 15:40:00,87.8735793692,0.7,17.775
2014-04-05 15:45:00,81.8154494876,1.0,0.025
2014-04-05 15:50:00,79.4113433141,0.875,46.5
2014-04-05 15:55:00,73.44047677180001,1.0,0.0
2014-04-05 16:00:00,87.94481385790002,1.0,18.225
2014-04-05 16:05:00,80.8243352639,1.0,0.525
2014-04-05 16:10:00,83.2074797564,0.875,38.05
2014-04-05 16:15:00,78.5077274599,1.0,0.0
2014-04-05 16:20:00,80.763296265,0.9,44.55
2014-04-05 16:25:00,87.08107651430002,1.0,0.0
2014-04-05 16:30:00,74.6625676545,1.0,27.275
2014-04-05 16:35:00,76.6778141276,1.0,0.2
2014-04-05 16:40:00,74.4328127332,0.675,22.075
2014-04-05 16:45:00,84.67529188399999,1.0,0.0
2014-04-05 16:50:00,72.9925840207,1.0,14.8
2014-04-05 16:55:00,73.3059656499,1.0,0.0
2014-04-05 17:00:00,76.7758763227,0.725,31.525
2014-04-05 17:05:00,80.2269800876,1.0,0.0
2014-04-05 17:10:00,78.5003666648,0.7,29.6
2014-04-05 17:15:00,72.7170330474,1.0,0.0
2014-04-05 17:20:00,87.3198313951,1.0,4.4
2014-04-05 17:25:00,87.2458788233,1.0,0.175
2014-04-05 17:30:00,76.4696718075,1.0,21.725
2014-04-05 17:35:00,83.7043777018,1.0,0.35
2014-04-05 17:40:00,81.2571753794,0.65,18.7
2014-04-05 17:45:00,75.79959801300001,1.0,0.0
2014-04-05 17:50:00,76.1947155691,0.65,21.975
2014-04-05 17:55:00,79.8584201233,1.0,0.0
2014-04-05 18:00:00,31.4831103808,1.0,0.0
2014-04-05 18:05:00,30.6638618132,1.0,0.0
2014-04-05 18:10:00,33.9680676945,1.0,0.0
2014-04-05 18:15:00,31.8813565517,1.0,0.0
2014-04-05 18:20:00,32.991021265,1.0,0.0
2014-04-05 18:25:00,30.0113446389,1.0,0.0
2014-04-05 18:30:00,32.2144428549,1.0,0.0
2014-04-05 18:35:00,30.83504079610001,1.0,0.0
2014-04-05 18:40:00,32.1690409301,1.0,0.0
2014-04-05 18:45:00,33.7972788448,1.0,0.0
2014-04-05 18:50:00,33.7210380701,1.0,0.0
2014-04-05 18:55:00,31.067006374600002,1.0,0.0
2014-04-05 19:00:00,23.270360208000003,1.0,0.0
2014-04-05 19:05:00,24.3769776405,1.0,0.0
2014-04-05 19:10:00,22.9629973384,1.0,0.0
2014-04-05 19:15:00,20.8248762104,1.0,0.0
2014-04-05 19:20:00,23.205093386199998,1.0,0.0
2014-04-05 19:25:00,20.629970519100002,1.0,0.0
2014-04-05 19:30:00,24.0670533111,1.0,0.0
2014-04-05 19:35:00,22.4746377883,1.0,0.0
2014-04-05 19:40:00,21.8854292981,1.0,0.575
2014-04-05 19:45:00,20.4153884241,1.0,0.0
2014-04-05 19:50:00,21.865909931500006,1.0,3.65
2014-04-05 19:55:00,24.2063645444,1.0,0.0
2014-04-05 20:00:00,18.5179461306,1.0,0.0
2014-04-05 20:05:00,20.3761586098,1.0,11.325
2014-04-05 20:10:00,22.246023274200002,1.0,0.0
2014-04-05 20:15:00,20.0492684944,1.0,33.625
2014-04-05 20:20:00,20.1858073736,1.0,2.725
2014-04-05 20:25:00,20.8017817365,1.0,2.15
2014-04-05 20:30:00,20.3281910744,1.0,1.575
2014-04-05 20:35:00,19.1225922978,1.0,2.1
2014-04-05 20:40:00,18.508003265899998,1.0,4.2
2014-04-05 20:45:00,20.9297882999,1.0,4.025
2014-04-05 20:50:00,22.2036235139,1.0,1.025
2014-04-05 20:55:00,18.8676672625,0.675,38.025
2014-04-05 21:00:00,18.9342611229,1.0,2.625
2014-04-05 21:05:00,19.574426301600003,1.0,1.525
2014-04-05 21:10:00,21.3368967147,0.725,38.275
2014-04-05 21:15:00,19.1686110171,1.0,1.025
2014-04-05 21:20:00,21.6315530088,0.75,34.65
2014-04-05 21:25:00,18.307286645,1.0,0.0
2014-04-05 21:30:00,21.868292798699997,0.8,43.35
2014-04-05 21:35:00,20.3401546056,0.875,2.825
2014-04-05 21:40:00,20.734159194700002,1.0,2.275
2014-04-05 21:45:00,19.5642176811,1.0,1.725
2014-04-05 21:50:00,21.2293913804,1.0,2.85
2014-04-05 21:55:00,18.755863026500002,1.0,4.475
2014-04-05 22:00:00,18.2131151136,1.0,4.1
2014-04-05 22:05:00,19.6008665479,0.875,22.675
2014-04-05 22:10:00,21.4353410369,1.0,4.375
2014-04-05 22:15:00,21.0398862553,1.0,4.25
2014-04-05 22:20:00,20.087889751,0.875,22.475
2014-04-05 22:25:00,20.3080279876,1.0,4.6
2014-04-05 22:30:00,18.5373500845,1.0,4.25
2014-04-05 22:35:00,21.383234241,0.775,26.4
2014-04-05 22:40:00,21.1681406466,1.0,4.6
2014-04-05 22:45:00,20.6456824117,1.0,4.275
2014-04-05 22:50:00,19.8838343091,0.775,28.75
2014-04-05 22:55:00,21.878820586,1.0,4.325
2014-04-05 23:00:00,21.5202589819,1.0,4.275
2014-04-05 23:05:00,20.5816728947,0.75,31.8
2014-04-05 23:10:00,19.4909455321,0.95,2.725
2014-04-05 23:15:00,20.476019753800003,1.0,4.425
2014-04-05 23:20:00,20.3056616428,1.0,4.275
2014-04-05 23:25:00,19.5807267273,0.8,22.725
2014-04-05 23:30:00,19.2303874105,1.0,4.675
2014-04-05 23:35:00,19.631811751300003,1.0,4.325
2014-04-05 23:40:00,20.2995423861,0.8,22.775
2014-04-05 23:45:00,19.7163241845,1.0,0.8
2014-04-05 23:50:00,19.057956376099998,0.75,38.1
2014-04-05 23:55:00,21.047893688800002,1.0,1.025
2014-04-06 00:00:00,20.1258699838,1.0,0.0
2014-04-06 00:05:00,18.2707006529,1.0,0.0
2014-04-06 00:10:00,19.4732660225,1.0,34.775
2014-04-06 00:15:00,21.539653828800002,1.0,0.0
2014-04-06 00:20:00,21.020946124800002,0.65,31.1
2014-04-06 00:25:00,19.2929871358,1.0,0.0
2014-04-06 00:30:00,21.752732608200002,1.0,0.0
2014-04-06 00:35:00,18.3064116334,1.0,0.0
2014-04-06 00:40:00,21.8449388156,1.0,2.425
2014-04-06 00:45:00,18.9828203699,0.975,6.225
2014-04-06 00:50:00,18.0363767212,1.0,0.0
2014-04-06 00:55:00,19.7352321461,1.0,6.475
2014-04-06 01:00:00,19.4358817187,1.0,0.925
2014-04-06 01:05:00,20.1563560208,1.0,0.0
2014-04-06 01:10:00,21.1870914423,1.0,0.0
2014-04-06 01:15:00,21.3697232086,1.0,50.525
2014-04-06 01:20:00,19.6049199984,1.0,0.0
2014-04-06 01:25:00,19.7193829748,1.0,48.0
2014-04-06 01:30:00,18.5927109213,1.0,0.0
2014-04-06 01:35:00,18.1901904355,1.0,0.55
2014-04-06 01:40:00,20.564859960899998,1.0,0.0
2014-04-06 01:45:00,18.2577505022,1.0,0.0
2014-04-06 01:50:00,20.9353204777,1.0,48.55
2014-04-06 01:55:00,20.1563605801,1.0,0.0
2014-04-06 02:00:00,18.7943319129,1.0,0.0
2014-04-06 02:05:00,20.1580917741,1.0,24.15
2014-04-06 02:10:00,18.7319908664,0.875,27.825
2014-04-06 02:15:00,19.75494883,1.0,0.0
2014-04-06 02:20:00,21.198241265,1.0,0.225
2014-04-06 02:25:00,19.847677173599998,0.95,66.025
2014-04-06 02:30:00,18.5947972732,1.0,1.55
2014-04-06 02:35:00,20.8953147273,0.6,59.4
2014-04-06 02:40:00,18.7470736651,0.975,3.7
2014-04-06 02:45:00,20.9541994975,1.0,5.275
2014-04-06 02:50:00,19.9174091569,1.0,5.075
2014-04-06 02:55:00,19.814967036400002,1.0,6.55
2014-04-06 03:00:00,21.4057401514,1.0,4.2
2014-04-06 03:05:00,20.8344140974,1.0,3.05
2014-04-06 03:10:00,18.131643187799998,1.0,0.3
2014-04-06 03:15:00,19.1846972584,1.0,77.45
2014-04-06 03:20:00,21.4836826434,1.0,3.425
2014-04-06 03:25:00,18.0733046742,1.0,0.0
2014-04-06 03:30:00,20.181013785,1.0,80.975
2014-04-06 03:35:00,20.9113026767,1.0,1.9
2014-04-06 03:40:00,20.4874243419,0.775,77.15
2014-04-06 03:45:00,21.042128808399998,0.975,4.275
2014-04-06 03:50:00,20.9027673957,1.0,4.825
2014-04-06 03:55:00,20.7681227806,1.0,5.2
2014-04-06 04:00:00,21.286159443699997,1.0,6.85
2014-04-06 04:05:00,20.5827626738,1.0,3.25
2014-04-06 04:10:00,19.609673977,1.0,2.9
2014-04-06 04:15:00,19.8876364397,1.0,2.325
2014-04-06 04:20:00,20.8668991307,1.0,0.9
2014-04-06 04:25:00,21.5052241187,1.0,0.0
2014-04-06 04:30:00,19.0888752034,1.0,0.0
2014-04-06 04:35:00,19.3683071839,1.0,0.0
2014-04-06 04:40:00,21.7229575854,1.0,0.0
2014-04-06 04:45:00,20.314047169600002,1.0,0.0
2014-04-06 04:50:00,18.7158472685,1.0,0.0
2014-04-06 04:55:00,20.6547805556,1.0,0.0
2014-04-06 05:00:00,21.9630486222,1.0,0.0
2014-04-06 05:05:00,21.2938142579,1.0,0.0
2014-04-06 05:10:00,20.982964546199998,1.0,0.0
2014-04-06 05:15:00,18.8321866171,1.0,0.0
2014-04-06 05:20:00,21.5045591387,1.0,0.0
2014-04-06 05:25:00,20.1031553741,1.0,0.0
2014-04-06 05:30:00,21.557160088299998,1.0,0.0
2014-04-06 05:35:00,19.3193113177,1.0,0.0
2014-04-06 05:40:00,18.2482042105,1.0,0.0
2014-04-06 05:45:00,19.9039038746,1.0,0.0
2014-04-06 05:50:00,19.0793504193,1.0,0.0
2014-04-06 05:55:00,20.8609171591,1.0,0.0
2014-04-06 06:00:00,21.8284262114,1.0,0.0
2014-04-06 06:05:00,20.7638966046,1.0,0.0
2014-04-06 06:10:00,21.547735718800002,1.0,0.0
2014-04-06 06:15:00,19.8120960544,1.0,55.65
2014-04-06 06:20:00,21.0865629488,1.0,0.0
2014-04-06 06:25:00,21.3721737467,1.0,0.0
2014-04-06 06:30:00,20.8435025103,1.0,54.1
2014-04-06 06:35:00,20.0311091443,0.975,3.05
2014-04-06 06:40:00,20.5034644385,1.0,5.325
2014-04-06 06:45:00,20.8020279827,1.0,7.2
2014-04-06 06:50:00,19.012337612899998,1.0,2.875
2014-04-06 06:55:00,21.2383170437,1.0,3.075
2014-04-06 07:00:00,21.801298155900003,1.0,2.625
2014-04-06 07:05:00,19.860957260699998,0.875,4.3
2014-04-06 07:10:00,20.8042687324,0.7,56.475
2014-04-06 07:15:00,20.948103623199998,0.925,8.8
2014-04-06 07:20:00,20.6489901901,1.0,5.725
2014-04-06 07:25:00,20.188460433299998,1.0,7.6
2014-04-06 07:30:00,21.5265918183,1.0,5.125
2014-04-06 07:35:00,19.7957068371,1.0,5.05
2014-04-06 07:40:00,18.2444118259,1.0,0.65
2014-04-06 07:45:00,21.3782255028,1.0,84.425
2014-04-06 07:50:00,20.6959250893,0.95,3.875
2014-04-06 07:55:00,21.397034506,1.0,4.95
2014-04-06 08:00:00,18.5541897698,1.0,7.6
2014-04-06 08:05:00,18.123011762,1.0,1.675
2014-04-06 08:10:00,21.7374981615,1.0,58.3
2014-04-06 08:15:00,18.590913223399998,0.95,4.175
2014-04-06 08:20:00,21.2386093283,1.0,3.375
2014-04-06 08:25:00,21.2928397687,1.0,5.375
2014-04-06 08:30:00,20.8348208022,1.0,6.525
2014-04-06 08:35:00,18.5250488444,1.0,4.1
2014-04-06 08:40:00,20.6695944982,1.0,1.075
2014-04-06 08:45:00,21.5563463333,0.95,42.4
2014-04-06 08:50:00,19.7021265792,1.0,0.0
2014-04-06 08:55:00,19.6540674175,0.6,59.075
2014-04-06 09:00:00,67.22287301029999,1.0,0.0
2014-04-06 09:05:00,62.318897713199995,1.0,0.0
2014-04-06 09:10:00,73.3315477388,1.0,0.0
2014-04-06 09:15:00,73.0208869501,1.0,5.025
2014-04-06 09:20:00,74.7715667763,1.0,0.0
2014-04-06 09:25:00,69.1584907244,1.0,5.7
2014-04-06 09:30:00,71.41620625569999,1.0,0.0
2014-04-06 09:35:00,63.9563379258,1.0,0.875
2014-04-06 09:40:00,70.2783919278,1.0,0.0
2014-04-06 09:45:00,70.0363667431,1.0,6.775
2014-04-06 09:50:00,73.45643880739999,1.0,0.325
2014-04-06 09:55:00,72.4987810306,0.5,7.075
2014-04-06 10:00:00,84.4049994998,1.0,0.0
2014-04-06 10:05:00,83.3242954963,1.0,0.0
2014-04-06 10:10:00,83.3221292488,1.0,6.075
2014-04-06 10:15:00,70.8289860302,1.0,0.0
2014-04-06 10:20:00,82.9693295058,1.0,6.4
2014-04-06 10:25:00,79.2680646827,1.0,0.0
2014-04-06 10:30:00,75.7444978914,0.7,21.65
2014-04-06 10:35:00,70.7171069705,1.0,0.0
2014-04-06 10:40:00,80.3574969844,1.0,23.5
2014-04-06 10:45:00,74.9336911683,1.0,0.0
2014-04-06 10:50:00,77.0998876326,0.75,36.725
2014-04-06 10:55:00,80.4204253431,1.0,0.0
2014-04-06 11:00:00,86.0688623959,1.0,0.075
2014-04-06 11:05:00,84.6957487058,1.0,26.475
2014-04-06 11:10:00,78.7342967413,1.0,0.125
2014-04-06 11:15:00,77.735303336,0.8,50.125
2014-04-06 11:20:00,75.3814569666,1.0,0.0
2014-04-06 11:25:00,77.49107505069999,0.9,54.45
2014-04-06 11:30:00,73.33408174350001,1.0,0.1
2014-04-06 11:35:00,87.012462005,1.0,18.8
2014-04-06 11:40:00,80.6955830287,1.0,0.0
2014-04-06 11:45:00,73.6006241238,1.0,35.025
2014-04-06 11:50:00,77.1790267714,1.0,0.0
2014-04-06 11:55:00,80.2681105401,0.95,65.725
2014-04-06 12:00:00,80.429538782,1.0,0.0
2014-04-06 12:05:00,72.48097223479999,1.0,24.075
2014-04-06 12:10:00,87.10880039979997,1.0,0.0
2014-04-06 12:15:00,76.3143236905,1.0,56.725
2014-04-06 12:20:00,72.1722439573,1.0,0.0
2014-04-06 12:25:00,73.1352364182,0.875,36.55
2014-04-06 12:30:00,81.1855787098,1.0,0.0
2014-04-06 12:35:00,74.1155228488,1.0,45.375
2014-04-06 12:40:00,72.5803955696,1.0,0.0
2014-04-06 12:45:00,77.9803346344,0.925,65.2
2014-04-06 12:50:00,81.8658220626,1.0,0.0
2014-04-06 12:55:00,73.7008895532,1.0,36.9
2014-04-06 13:00:00,76.9947621355,1.0,0.1
2014-04-06 13:05:00,78.665286545,0.95,61.625
2014-04-06 13:10:00,74.53346923779999,1.0,0.0
2014-04-06 13:15:00,80.0779590517,0.95,60.925
2014-04-06 13:20:00,73.3458181683,1.0,0.125
2014-04-06 13:25:00,72.7268373105,0.825,33.65
2014-04-06 13:30:00,80.2980897067,1.0,0.0
2014-04-06 13:35:00,75.9481196396,0.9,58.425
2014-04-06 13:40:00,73.5083346909,1.0,0.175
2014-04-06 13:45:00,78.7636935755,0.9,59.2
2014-04-06 13:50:00,86.6214576918,1.0,0.15
2014-04-06 13:55:00,83.5670182475,0.975,55.65
2014-04-06 14:00:00,85.0457722525,1.0,0.375
2014-04-06 14:05:00,85.9464981902,0.875,32.4
2014-04-06 14:10:00,87.5578408842,1.0,0.3
2014-04-06 14:15:00,84.2079030029,0.975,46.675
2014-04-06 14:20:00,81.7306034937,1.0,0.3
2014-04-06 14:25:00,77.84307743779999,0.925,55.3
2014-04-06 14:30:00,74.9026962829,1.0,0.0
2014-04-06 14:35:00,82.9825746289,1.0,53.65
2014-04-06 14:40:00,87.91497965639999,1.0,0.375
2014-04-06 14:45:00,79.4739240224,1.0,58.25
2014-04-06 14:50:00,83.5748581037,1.0,0.025
2014-04-06 14:55:00,79.9176429689,0.95,58.3
2014-04-06 15:00:00,78.9101772288,1.0,0.05
2014-04-06 15:05:00,78.56413559399999,0.925,56.75
2014-04-06 15:10:00,80.0732262166,1.0,0.075
2014-04-06 15:15:00,77.8695830347,0.875,48.55
2014-04-06 15:20:00,83.9795669376,1.0,0.1
2014-04-06 15:25:00,85.98752693729998,0.85,30.6
2014-04-06 15:30:00,86.1253380951,1.0,0.3
2014-04-06 15:35:00,75.6424532403,1.0,38.15
2014-04-06 15:40:00,86.3337174081,1.0,0.0
2014-04-06 15:45:00,77.4640760474,1.0,49.2
2014-04-06 15:50:00,76.9481839381,1.0,0.0
2014-04-06 15:55:00,83.6272940886,1.0,40.7
2014-04-06 16:00:00,76.8749938411,1.0,0.0
2014-04-06 16:05:00,72.8473226226,0.65,12.7
2014-04-06 16:10:00,77.9777346394,1.0,0.5
2014-04-06 16:15:00,83.5432892023,1.0,41.575
2014-04-06 16:20:00,77.2311864402,1.0,0.35
2014-04-06 16:25:00,82.0727873159,0.9,47.05
2014-04-06 16:30:00,82.5617525893,1.0,0.0
2014-04-06 16:35:00,83.7396154073,0.825,37.925
2014-04-06 16:40:00,86.3539216611,1.0,0.2
2014-04-06 16:45:00,78.9208804599,1.0,33.175
2014-04-06 16:50:00,74.6627698738,1.0,0.5
2014-04-06 16:55:00,77.1026634095,0.8,36.25
2014-04-06 17:00:00,78.91464577949999,1.0,0.5
2014-04-06 17:05:00,83.4222314751,0.85,43.05
2014-04-06 17:10:00,72.2099262804,1.0,0.1
2014-04-06 17:15:00,77.0525365469,0.775,31.425
2014-04-06 17:20:00,84.477448857,1.0,0.0
2014-04-06 17:25:00,82.73369148350001,0.85,42.725
2014-04-06 17:30:00,83.7078074336,1.0,0.175
